ISO-10303-21;
HEADER;
/* Generated by software containing ST-Developer
 * from STEP Tools, Inc. (www.steptools.com) 
 */
/* OPTION: using custom renumber hook */

FILE_DESCRIPTION(
/* description */ ('STEP AP242 Edition 2',
'CAx-IF Rec.Pracs.---Representation and Presentation of Product Manufa
cturing Information (PMI)---4.0---2014-10-13',
'CAx-IF Rec.Pracs.---3D Tessellated Geometry---0.4---2014-09-14','2;1',
'CAx-IF Rec.Pracs.---User Defined Attributes---1.5---2016-08-15'),
/* implementation_level */ '2;1');

FILE_NAME(
/* name */ 'Part Studio 1',
/* time_stamp */ '2026-08-15T19:56:11Z',
/* author */ (''),
/* organization */ (''),
/* preprocessor_version */ 'ST-DEVELOPER v20',
/* originating_system */ 'ONSHAPE BY PTC INC, 1.219',
/* authorisation */ '  ');

FILE_SCHEMA (('AP242_MANAGED_MODEL_BASED_3D_ENGINEERING_MIM_LF { 1 0 10303 442 3 1 4 }'));
ENDSEC;

DATA;
#10=SHAPE_REPRESENTATION_RELATIONSHIP('','',#2313,#11);
#11=ADVANCED_BREP_SHAPE_REPRESENTATION('',(#2311),#3989);
#12=B_SPLINE_CURVE_WITH_KNOTS('',3,(#3084,#3085,#3086,#3087,#3088,#3089,
#3090,#3091,#3092,#3093,#3094,#3095,#3096,#3097,#3098,#3099,#3100,#3101,
#3102,#3103,#3104),.UNSPECIFIED.,.F.,.F.,(4,1,1,1,1,1,1,1,1,1,1,1,1,1,1,
1,1,1,4),(0.,0.075469691497262,0.14483407880366,0.20498571738005,0.269264813346367,
0.332106184519462,0.393156112963696,0.454823469472918,0.510912405350635,
0.558532345239554,0.607391369824376,0.658063980680555,0.715441023586115,
0.769027575000017,0.813650905345754,0.857105468893975,0.909121750192182,
0.953146090314381,1.),.UNSPECIFIED.);
#13=B_SPLINE_CURVE_WITH_KNOTS('',3,(#3108,#3109,#3110,#3111,#3112,#3113,
#3114,#3115,#3116,#3117,#3118,#3119,#3120,#3121,#3122,#3123,#3124,#3125,
#3126,#3127,#3128),.UNSPECIFIED.,.F.,.F.,(4,1,1,1,1,1,1,1,1,1,1,1,1,1,1,
1,1,1,4),(0.,0.075469691497262,0.14483407880366,0.20498571738005,0.269264813346367,
0.332106184519462,0.393156112963696,0.454823469472918,0.510912405350635,
0.558532345239554,0.607391369824376,0.658063980680555,0.715441023586115,
0.769027575000017,0.813650905345754,0.857105468893975,0.909121750192182,
0.953146090314381,1.),.UNSPECIFIED.);
#14=B_SPLINE_CURVE_WITH_KNOTS('',3,(#3199,#3200,#3201,#3202,#3203,#3204,
#3205,#3206,#3207,#3208,#3209,#3210,#3211,#3212,#3213,#3214,#3215),
 .UNSPECIFIED.,.F.,.F.,(4,1,1,1,1,1,1,1,1,1,1,1,1,1,4),(0.,0.0497570209199865,
0.101088566856514,0.157408051816451,0.211384269522578,0.268587118851568,
0.343925745899716,0.411925556612397,0.48483344007446,0.563668411032077,
0.66002500293044,0.740807867732973,0.826764785376161,0.927784212310571,
1.),.UNSPECIFIED.);
#15=B_SPLINE_CURVE_WITH_KNOTS('',3,(#3219,#3220,#3221,#3222,#3223,#3224,
#3225,#3226,#3227,#3228,#3229,#3230,#3231,#3232,#3233,#3234,#3235),
 .UNSPECIFIED.,.F.,.F.,(4,1,1,1,1,1,1,1,1,1,1,1,1,1,4),(0.,0.0497570209199865,
0.101088566856514,0.157408051816451,0.211384269522578,0.268587118851568,
0.343925745899716,0.411925556612397,0.48483344007446,0.563668411032077,
0.66002500293044,0.740807867732973,0.826764785376161,0.927784212310571,
1.),.UNSPECIFIED.);
#16=B_SPLINE_CURVE_WITH_KNOTS('',3,(#3952,#3953,#3954,#3955,#3956),
 .UNSPECIFIED.,.F.,.F.,(4,1,4),(0.,0.00203410642656749,0.00406821285313498),
 .UNSPECIFIED.);
#17=B_SPLINE_CURVE_WITH_KNOTS('',3,(#3960,#3961,#3962,#3963,#3964),
 .UNSPECIFIED.,.F.,.F.,(4,1,4),(0.,0.00203373814425356,0.00406747628850711),
 .UNSPECIFIED.);
#18=B_SPLINE_CURVE_WITH_KNOTS('',3,(#3969,#3970,#3971,#3972,#3973,#3974,
#3975),.UNSPECIFIED.,.F.,.F.,(4,1,1,1,4),(0.,0.0010654890414826,0.0021309780829652,
0.0031964671244478,0.0042619561659304),.UNSPECIFIED.);
#19=B_SPLINE_CURVE_WITH_KNOTS('',3,(#3976,#3977,#3978,#3979,#3980,#3981,
#3982),.UNSPECIFIED.,.F.,.F.,(4,1,1,1,4),(0.,0.0010660651571799,0.0021321303143598,
0.0031981954715397,0.0042642606287196),.UNSPECIFIED.);
#20=B_SPLINE_SURFACE_WITH_KNOTS('',3,1,((#3039,#3040),(#3041,#3042),(#3043,
#3044),(#3045,#3046),(#3047,#3048),(#3049,#3050),(#3051,#3052),(#3053,#3054),
(#3055,#3056),(#3057,#3058),(#3059,#3060),(#3061,#3062),(#3063,#3064),(#3065,
#3066),(#3067,#3068),(#3069,#3070),(#3071,#3072),(#3073,#3074),(#3075,#3076),
(#3077,#3078),(#3079,#3080)),.SURF_OF_LINEAR_EXTRUSION.,.F.,.F.,.F.,(4,
1,1,1,1,1,1,1,1,1,1,1,1,1,1,1,1,1,4),(2,2),(0.,0.075469691497262,0.14483407880366,
0.20498571738005,0.269264813346367,0.332106184519462,0.393156112963696,
0.454823469472918,0.510912405350635,0.558532345239554,0.607391369824376,
0.658063980680555,0.715441023586115,0.769027575000017,0.813650905345754,
0.857105468893975,0.909121750192182,0.953146090314381,1.),(0.,1.),
 .UNSPECIFIED.);
#21=B_SPLINE_SURFACE_WITH_KNOTS('',3,1,((#3165,#3166),(#3167,#3168),(#3169,
#3170),(#3171,#3172),(#3173,#3174),(#3175,#3176),(#3177,#3178),(#3179,#3180),
(#3181,#3182),(#3183,#3184),(#3185,#3186),(#3187,#3188),(#3189,#3190),(#3191,
#3192),(#3193,#3194),(#3195,#3196),(#3197,#3198)),
 .SURF_OF_LINEAR_EXTRUSION.,.F.,.F.,.F.,(4,1,1,1,1,1,1,1,1,1,1,1,1,1,4),
(2,2),(0.,0.0497570209199865,0.101088566856514,0.157408051816451,0.211384269522578,
0.268587118851568,0.343925745899716,0.411925556612397,0.48483344007446,
0.563668411032077,0.66002500293044,0.740807867732973,0.826764785376161,
0.927784212310571,1.),(0.,1.),.UNSPECIFIED.);
#22=B_SPLINE_SURFACE_WITH_KNOTS('',3,1,((#3456,#3457),(#3458,#3459),(#3460,
#3461),(#3462,#3463),(#3464,#3465),(#3466,#3467),(#3468,#3469)),
 .SURF_OF_LINEAR_EXTRUSION.,.F.,.F.,.F.,(4,1,1,1,4),(2,2),(5.20901129735899,
5.74609843154878,6.28318556573857,6.82027269992836,7.35735983411815),(0.,
1.),.UNSPECIFIED.);
#23=B_SPLINE_SURFACE_WITH_KNOTS('',3,1,((#3472,#3473),(#3474,#3475),(#3476,
#3477),(#3478,#3479),(#3480,#3481),(#3482,#3483),(#3484,#3485)),
 .SURF_OF_LINEAR_EXTRUSION.,.F.,.F.,.F.,(4,1,1,1,4),(2,2),(2.06690428313435,
2.60426928915271,3.14163429517108,3.67899930118944,4.21636430720781),(0.,
1.),.UNSPECIFIED.);
#24=B_SPLINE_SURFACE_WITH_KNOTS('',3,1,((#3487,#3488),(#3489,#3490),(#3491,
#3492),(#3493,#3494),(#3495,#3496),(#3497,#3498),(#3499,#3500)),
 .SURF_OF_LINEAR_EXTRUSION.,.F.,.F.,.F.,(4,1,1,1,4),(2,2),(2.06700616958836,
2.60432417995343,3.1416421903185,3.67896020068358,4.21627821104865),(0.,
1.),.UNSPECIFIED.);
#25=B_SPLINE_SURFACE_WITH_KNOTS('',3,1,((#3505,#3506),(#3507,#3508),(#3509,
#3510),(#3511,#3512),(#3513,#3514),(#3515,#3516),(#3517,#3518)),
 .SURF_OF_LINEAR_EXTRUSION.,.F.,.F.,.F.,(4,1,1,1,4),(2,2),(2.06639054534607,
2.54047561441978,3.0145606834935,3.48864575256722,3.96273082164093),(0.,
1.),.UNSPECIFIED.);
#26=B_SPLINE_SURFACE_WITH_KNOTS('',3,1,((#3520,#3521),(#3522,#3523),(#3524,
#3525),(#3526,#3527),(#3528,#3529)),.SURF_OF_LINEAR_EXTRUSION.,.F.,.F.,
 .F.,(4,1,4),(2,2),(0.18820959913763,0.631397618180907,1.07458563722418),
(0.,1.),.UNSPECIFIED.);
#27=B_SPLINE_SURFACE_WITH_KNOTS('',3,1,((#3533,#3534),(#3535,#3536),(#3537,
#3538),(#3539,#3540),(#3541,#3542)),.SURF_OF_LINEAR_EXTRUSION.,.F.,.F.,
 .F.,(4,1,4),(2,2),(5.20849977258978,5.65350562517692,6.09851147776406),
(0.,1.),.UNSPECIFIED.);
#28=B_SPLINE_SURFACE_WITH_KNOTS('',3,1,((#3544,#3545),(#3546,#3547),(#3548,
#3549),(#3550,#3551),(#3552,#3553),(#3554,#3555),(#3556,#3557)),
 .SURF_OF_LINEAR_EXTRUSION.,.F.,.F.,.F.,(4,1,1,1,4),(2,2),(5.66506351133579,
6.08826534966145,6.51146718798711,6.93466902631278,7.35787086463844),(0.,
1.),.UNSPECIFIED.);
#29=B_SPLINE_SURFACE_WITH_KNOTS('',3,1,((#3564,#3565),(#3566,#3567),(#3568,
#3569),(#3570,#3571)),.SURF_OF_LINEAR_EXTRUSION.,.F.,.F.,.F.,(4,4),(2,2),
(1.82072194744314,1.98506294996045),(0.,1.),.PIECEWISE_BEZIER_KNOTS.);
#30=B_SPLINE_SURFACE_WITH_KNOTS('',3,1,((#3573,#3574),(#3575,#3576),(#3577,
#3578),(#3579,#3580)),.SURF_OF_LINEAR_EXTRUSION.,.F.,.F.,.F.,(4,4),(2,2),
(1.15590611667738,1.32029991209848),(0.,1.),.PIECEWISE_BEZIER_KNOTS.);
#31=B_SPLINE_SURFACE_WITH_KNOTS('',3,1,((#3581,#3582),(#3583,#3584),(#3585,
#3586),(#3587,#3588)),.SURF_OF_LINEAR_EXTRUSION.,.F.,.F.,.F.,(4,4),(2,2),
(1.74934567090245,1.98411205850774),(0.,1.),.PIECEWISE_BEZIER_KNOTS.);
#32=B_SPLINE_SURFACE_WITH_KNOTS('',3,1,((#3591,#3592),(#3593,#3594),(#3595,
#3596),(#3597,#3598)),.SURF_OF_LINEAR_EXTRUSION.,.F.,.F.,.F.,(4,4),(2,2),
(4.29956465633374,4.53440588318185),(0.,1.),.PIECEWISE_BEZIER_KNOTS.);
#33=B_SPLINE_SURFACE_WITH_KNOTS('',3,1,((#3600,#3601),(#3602,#3603),(#3604,
#3605),(#3606,#3607),(#3608,#3609),(#3610,#3611),(#3612,#3613)),
 .SURF_OF_LINEAR_EXTRUSION.,.F.,.F.,.F.,(4,1,1,1,4),(2,2),(2.07918905762975,
2.61041524413379,3.14164143063783,3.67286761714188,4.20409380364592),(0.,
1.),.UNSPECIFIED.);
#34=B_SPLINE_SURFACE_WITH_KNOTS('',3,1,((#3617,#3618),(#3619,#3620),(#3621,
#3622),(#3623,#3624),(#3625,#3626),(#3627,#3628),(#3629,#3630)),
 .SURF_OF_LINEAR_EXTRUSION.,.F.,.F.,.F.,(4,1,1,1,4),(2,2),(5.7469621277759,
6.14664330611158,6.54632448444725,6.94600566278292,7.34568684111859),(0.,
1.),.UNSPECIFIED.);
#35=B_SPLINE_SURFACE_WITH_KNOTS('',3,1,((#3632,#3633),(#3634,#3635),(#3636,
#3637),(#3638,#3639)),.SURF_OF_LINEAR_EXTRUSION.,.F.,.F.,.F.,(4,4),(2,2),
(4.89087326215351,5.12570789745782),(0.,1.),.PIECEWISE_BEZIER_KNOTS.);
#36=B_SPLINE_SURFACE_WITH_KNOTS('',3,1,((#3641,#3642),(#3643,#3644),(#3645,
#3646),(#3647,#3648)),.SURF_OF_LINEAR_EXTRUSION.,.F.,.F.,.F.,(4,4),(2,2),
(1.15697818635693,1.3918000083036),(0.,1.),.PIECEWISE_BEZIER_KNOTS.);
#37=B_SPLINE_SURFACE_WITH_KNOTS('',3,1,((#3650,#3651),(#3652,#3653),(#3654,
#3655),(#3656,#3657)),.SURF_OF_LINEAR_EXTRUSION.,.F.,.F.,.F.,(4,4),(2,2),
(5.22061636981628,5.56497714465013),(0.,1.),.PIECEWISE_BEZIER_KNOTS.);
#38=B_SPLINE_SURFACE_WITH_KNOTS('',3,1,((#3661,#3662),(#3663,#3664),(#3665,
#3666),(#3667,#3668),(#3669,#3670)),.SURF_OF_LINEAR_EXTRUSION.,.F.,.F.,
 .F.,(4,1,4),(2,2),(0.156384644529677,0.609391011278483,1.06239737802729),
(0.,1.),.UNSPECIFIED.);
#39=B_SPLINE_SURFACE_WITH_KNOTS('',3,1,((#3672,#3673),(#3674,#3675),(#3676,
#3677),(#3678,#3679)),.SURF_OF_LINEAR_EXTRUSION.,.F.,.F.,.F.,(4,4),(2,2),
(1.74877929148047,1.98361949197453),(0.,1.),.PIECEWISE_BEZIER_KNOTS.);
#40=B_SPLINE_SURFACE_WITH_KNOTS('',3,1,((#3681,#3682),(#3683,#3684),(#3685,
#3686),(#3687,#3688)),.SURF_OF_LINEAR_EXTRUSION.,.F.,.F.,.F.,(4,4),(2,2),
(1.1574778542605,1.39224456657412),(0.,1.),.PIECEWISE_BEZIER_KNOTS.);
#41=B_SPLINE_SURFACE_WITH_KNOTS('',3,1,((#3690,#3691),(#3692,#3693),(#3694,
#3695),(#3696,#3697),(#3698,#3699)),.SURF_OF_LINEAR_EXTRUSION.,.F.,.F.,
 .F.,(4,1,4),(2,2),(5.22069090405291,5.67471636752028,6.12874183098764),
(0.,1.),.UNSPECIFIED.);
#42=B_SPLINE_SURFACE_WITH_KNOTS('',3,1,((#3703,#3704),(#3705,#3706),(#3707,
#3708),(#3709,#3710)),.SURF_OF_LINEAR_EXTRUSION.,.F.,.F.,.F.,(4,4),(2,2),
(4.96288817928175,5.12720147118881),(0.,1.),.PIECEWISE_BEZIER_KNOTS.);
#43=B_SPLINE_SURFACE_WITH_KNOTS('',3,1,((#3712,#3713),(#3714,#3715),(#3716,
#3717),(#3718,#3719)),.SURF_OF_LINEAR_EXTRUSION.,.F.,.F.,.F.,(4,4),(2,2),
(1.15598960156471,1.32026637531666),(0.,1.),.PIECEWISE_BEZIER_KNOTS.);
#44=B_SPLINE_SURFACE_WITH_KNOTS('',3,1,((#3720,#3721),(#3722,#3723),(#3724,
#3725),(#3726,#3727)),.SURF_OF_LINEAR_EXTRUSION.,.F.,.F.,.F.,(4,4),(2,2),
(4.29763055026119,4.46189215872949),(0.,1.),.PIECEWISE_BEZIER_KNOTS.);
#45=B_SPLINE_SURFACE_WITH_KNOTS('',3,1,((#3732,#3733),(#3734,#3735),(#3736,
#3737),(#3738,#3739)),.SURF_OF_LINEAR_EXTRUSION.,.F.,.F.,.F.,(4,4),(2,2),
(4.96343497015859,5.12774078375694),(0.,1.),.PIECEWISE_BEZIER_KNOTS.);
#46=B_SPLINE_SURFACE_WITH_KNOTS('',3,1,((#3740,#3741),(#3742,#3743),(#3744,
#3745),(#3746,#3747)),.SURF_OF_LINEAR_EXTRUSION.,.F.,.F.,.F.,(4,4),(2,2),
(4.89088670719867,5.12563938330032),(0.,1.),.PIECEWISE_BEZIER_KNOTS.);
#47=B_SPLINE_SURFACE_WITH_KNOTS('',3,1,((#3750,#3751),(#3752,#3753),(#3754,
#3755),(#3756,#3757)),.SURF_OF_LINEAR_EXTRUSION.,.F.,.F.,.F.,(4,4),(2,2),
(4.29914135627488,4.53389340905879),(0.,1.),.PIECEWISE_BEZIER_KNOTS.);
#48=B_SPLINE_SURFACE_WITH_KNOTS('',3,1,((#3759,#3760),(#3761,#3762),(#3763,
#3764),(#3765,#3766),(#3767,#3768),(#3769,#3770),(#3771,#3772)),
 .SURF_OF_LINEAR_EXTRUSION.,.F.,.F.,.F.,(4,1,1,1,4),(2,2),(5.22124628323426,
5.75221589511312,6.28318550699199,6.81415511887085,7.34512473074972),(0.,
1.),.UNSPECIFIED.);
#49=B_SPLINE_SURFACE_WITH_KNOTS('',3,1,((#3776,#3777),(#3778,#3779),(#3780,
#3781),(#3782,#3783)),.SURF_OF_LINEAR_EXTRUSION.,.F.,.F.,.F.,(4,4),(2,2),
(4.05095093186289,4.20465974066476),(0.,1.),.PIECEWISE_BEZIER_KNOTS.);
#50=B_SPLINE_SURFACE_WITH_KNOTS('',3,1,((#3785,#3786),(#3787,#3788),(#3789,
#3790),(#3791,#3792)),.SURF_OF_LINEAR_EXTRUSION.,.F.,.F.,.F.,(4,4),(2,2),
(1.74929334530091,1.98419630350103),(0.,1.),.PIECEWISE_BEZIER_KNOTS.);
#51=B_SPLINE_SURFACE_WITH_KNOTS('',3,1,((#3794,#3795),(#3796,#3797),(#3798,
#3799),(#3800,#3801)),.SURF_OF_LINEAR_EXTRUSION.,.F.,.F.,.F.,(4,4),(2,2),
(1.15739534715525,1.39229783248523),(0.,1.),.PIECEWISE_BEZIER_KNOTS.);
#52=B_SPLINE_SURFACE_WITH_KNOTS('',3,1,((#3803,#3804),(#3805,#3806),(#3807,
#3808),(#3809,#3810),(#3811,#3812),(#3813,#3814),(#3815,#3816)),
 .SURF_OF_LINEAR_EXTRUSION.,.F.,.F.,.F.,(4,1,1,1,4),(2,2),(2.07852560406587,
2.53763212329873,2.99673864253158,3.45584516176444,3.9149516809973),(0.,
1.),.UNSPECIFIED.);
#53=B_SPLINE_SURFACE_WITH_KNOTS('',3,1,((#3817,#3818),(#3819,#3820),(#3821,
#3822),(#3823,#3824)),.SURF_OF_LINEAR_EXTRUSION.,.F.,.F.,.F.,(4,4),(2,2),
(4.29812150631839,4.46246328239921),(0.,1.),.PIECEWISE_BEZIER_KNOTS.);
#54=B_SPLINE_SURFACE_WITH_KNOTS('',3,1,((#3829,#3830),(#3831,#3832),(#3833,
#3834),(#3835,#3836)),.SURF_OF_LINEAR_EXTRUSION.,.F.,.F.,.F.,(4,4),(2,2),
(1.82128965098379,1.98568162118864),(0.,1.),.PIECEWISE_BEZIER_KNOTS.);
#55=B_SPLINE_SURFACE_WITH_KNOTS('',3,1,((#3837,#3838),(#3839,#3840),(#3841,
#3842),(#3843,#3844)),.SURF_OF_LINEAR_EXTRUSION.,.F.,.F.,.F.,(4,4),(2,2),
(1.1554436727765,1.31975066133879),(0.,1.),.PIECEWISE_BEZIER_KNOTS.);
#56=B_SPLINE_SURFACE_WITH_KNOTS('',3,1,((#3849,#3850),(#3851,#3852),(#3853,
#3854),(#3855,#3856)),.SURF_OF_LINEAR_EXTRUSION.,.F.,.F.,.F.,(4,4),(2,2),
(4.96288256230671,5.12714249622458),(0.,1.),.PIECEWISE_BEZIER_KNOTS.);
#57=B_SPLINE_SURFACE_WITH_KNOTS('',3,1,((#3857,#3858),(#3859,#3860),(#3861,
#3862),(#3863,#3864)),.SURF_OF_LINEAR_EXTRUSION.,.F.,.F.,.F.,(4,4),(2,2),
(4.89138567388899,5.12620596234217),(0.,1.),.PIECEWISE_BEZIER_KNOTS.);
#58=B_SPLINE_SURFACE_WITH_KNOTS('',3,1,((#3867,#3868),(#3869,#3870),(#3871,
#3872),(#3873,#3874)),.SURF_OF_LINEAR_EXTRUSION.,.F.,.F.,.F.,(4,4),(2,2),
(4.29907093656255,4.53390619254388),(0.,1.),.PIECEWISE_BEZIER_KNOTS.);
#59=B_SPLINE_SURFACE_WITH_KNOTS('',3,1,((#3876,#3877),(#3878,#3879),(#3880,
#3881),(#3882,#3883),(#3884,#3885),(#3886,#3887),(#3888,#3889)),
 .SURF_OF_LINEAR_EXTRUSION.,.F.,.F.,.F.,(4,1,1,1,4),(2,2),(2.07909873487243,
2.61036289487304,3.14162705487365,3.67289121487426,4.20415537487487),(0.,
1.),.UNSPECIFIED.);
#60=B_SPLINE_SURFACE_WITH_KNOTS('',3,1,((#3915,#3916),(#3917,#3918),(#3919,
#3920),(#3921,#3922)),.SURF_OF_LINEAR_EXTRUSION.,.F.,.F.,.F.,(4,4),(2,2),
(4.2975822551545,4.46189308715269),(0.,1.),.PIECEWISE_BEZIER_KNOTS.);
#61=B_SPLINE_SURFACE_WITH_KNOTS('',3,1,((#3927,#3928),(#3929,#3930),(#3931,
#3932),(#3933,#3934)),.SURF_OF_LINEAR_EXTRUSION.,.F.,.F.,.F.,(4,4),(2,2),
(1.82132943600389,1.98560881759902),(0.,1.),.PIECEWISE_BEZIER_KNOTS.);
#62=B_SPLINE_SURFACE_WITH_KNOTS('',3,1,((#3935,#3936),(#3937,#3938),(#3939,
#3940),(#3941,#3942)),.SURF_OF_LINEAR_EXTRUSION.,.F.,.F.,.F.,(4,4),(2,2),
(4.09750594788946,4.21679482554442),(0.,1.),.PIECEWISE_BEZIER_KNOTS.);
#63=B_SPLINE_SURFACE_WITH_KNOTS('',3,1,((#3943,#3944),(#3945,#3946),(#3947,
#3948),(#3949,#3950)),.SURF_OF_LINEAR_EXTRUSION.,.F.,.F.,.F.,(4,4),(2,2),
(5.20841670960711,5.51187966002379),(0.,1.),.PIECEWISE_BEZIER_KNOTS.);
#64=ELLIPSE('',#2320,0.0255999185220884,0.00799985751335166);
#65=ELLIPSE('',#2321,0.0256000015082791,0.00800021626077642);
#66=ELLIPSE('',#2322,0.0255999800639657,0.00799985563534129);
#67=ELLIPSE('',#2323,0.0255999185220884,0.00799985751335166);
#68=ELLIPSE('',#2324,0.0256000015082791,0.00800021626077642);
#69=ELLIPSE('',#2326,0.0256000015082791,0.00800021626077642);
#70=ELLIPSE('',#2327,0.0255999800639657,0.00799985563534129);
#71=ELLIPSE('',#2329,0.0255999800639657,0.00799985563534129);
#72=ELLIPSE('',#2330,0.0255999185220884,0.00799985751335166);
#73=ELLIPSE('',#2347,0.0235996364297401,0.00600007968976609);
#74=ELLIPSE('',#2348,0.0235999318091389,0.00600007483546579);
#75=ELLIPSE('',#2359,0.0255999185220884,0.00799985751335166);
#76=ELLIPSE('',#2360,0.0235996364297401,0.00600007968976609);
#77=ELLIPSE('',#2361,0.0256000015082791,0.00800021626077642);
#78=ELLIPSE('',#2364,0.0235999318091389,0.00600007483546579);
#79=ELLIPSE('',#2365,0.0236000589589255,0.00600033848201115);
#80=ELLIPSE('',#2368,0.0235999318091389,0.00600007483546579);
#81=ELLIPSE('',#2369,0.0236000589589255,0.00600033848201115);
#82=ELLIPSE('',#2371,0.0255999800639657,0.00799985563534129);
#83=ELLIPSE('',#2372,0.0236000589589255,0.00600033848201115);
#84=ELLIPSE('',#2374,0.0236000589589255,0.00600033848201115);
#85=ELLIPSE('',#2375,0.0255999185220884,0.00799985751335166);
#86=ELLIPSE('',#2377,0.0255999800639657,0.00799985563534129);
#87=ELLIPSE('',#2378,0.0236000589589255,0.00600033848201115);
#88=ELLIPSE('',#2379,0.0255999185220884,0.00799985751335166);
#89=ELLIPSE('',#2382,0.0236000589589255,0.00600033848201115);
#90=ELLIPSE('',#2383,0.0235996364297401,0.00600007968976609);
#91=ELLIPSE('',#2385,0.0235996364297401,0.00600007968976609);
#92=ELLIPSE('',#2386,0.0235999318091389,0.00600007483546579);
#93=ELLIPSE('',#2389,0.0255999185220884,0.00799985751335166);
#94=ELLIPSE('',#2390,0.0235996364297401,0.00600007968976609);
#95=ELLIPSE('',#2392,0.0235996364297401,0.00600007968976609);
#96=ELLIPSE('',#2393,0.0256000015082791,0.00800021626077642);
#97=ELLIPSE('',#2395,0.0256000015082791,0.00800021626077642);
#98=ELLIPSE('',#2396,0.0235999318091389,0.00600007483546579);
#99=ELLIPSE('',#2398,0.0235999318091389,0.00600007483546579);
#100=ELLIPSE('',#2399,0.0255999800639657,0.00799985563534129);
#101=ELLIPSE('',#2401,0.0256000015082791,0.00800021626077642);
#102=ELLIPSE('',#2402,0.0235999318091389,0.00600007483546579);
#103=ELLIPSE('',#2403,0.0255999800639657,0.00799985563534129);
#104=ELLIPSE('',#2405,0.0236000589589255,0.00600033848201115);
#105=ELLIPSE('',#2406,0.0235996364297401,0.00600007968976609);
#106=ELLIPSE('',#2409,0.0236000589589255,0.00600033848201115);
#107=ELLIPSE('',#2411,0.0235996364297401,0.00600007968976609);
#108=ELLIPSE('',#2412,0.0236000589589255,0.00600033848201115);
#109=ELLIPSE('',#2413,0.0255999800639657,0.00799985563534129);
#110=ELLIPSE('',#2414,0.0255999185220884,0.00799985751335166);
#111=ELLIPSE('',#2421,0.0235999318091389,0.00600007483546579);
#112=ELLIPSE('',#2422,0.0235996364297401,0.00600007968976609);
#113=ELLIPSE('',#2424,0.0235999318091389,0.00600007483546579);
#114=ELLIPSE('',#2425,0.0256000015082791,0.00800021626077642);
#115=ELLIPSE('',#2426,0.0255999800639657,0.00799985563534129);
#116=ELLIPSE('',#2427,0.0235999318091389,0.00600007483546579);
#117=ELLIPSE('',#2429,0.0236000589589255,0.00600033848201115);
#118=ELLIPSE('',#2430,0.0235996364297401,0.00600007968976609);
#119=ELLIPSE('',#2431,0.0255999185220884,0.00799985751335166);
#120=ELLIPSE('',#2432,0.0256000015082791,0.00800021626077642);
#121=ELLIPSE('',#2433,0.0235996364297401,0.00600007968976609);
#122=ELLIPSE('',#2435,0.0235996364297401,0.00600007968976609);
#123=ELLIPSE('',#2436,0.0236000589589255,0.00600033848201115);
#124=ELLIPSE('',#2438,0.0255999185220884,0.00799985751335166);
#125=ELLIPSE('',#2440,0.0255999185220884,0.00799985751335166);
#126=ELLIPSE('',#2441,0.0255999800639657,0.00799985563534129);
#127=ELLIPSE('',#2443,0.0255999800639657,0.00799985563534129);
#128=ELLIPSE('',#2444,0.0256000015082791,0.00800021626077642);
#129=ELLIPSE('',#2446,0.0256000015082791,0.00800021626077642);
#130=ELLIPSE('',#2447,0.0255999185220884,0.00799985751335166);
#131=ELLIPSE('',#2448,0.0255999800639657,0.00799985563534129);
#132=ELLIPSE('',#2449,0.0256000015082791,0.00800021626077642);
#133=ELLIPSE('',#2450,0.0236000589589255,0.00600033848201115);
#134=ELLIPSE('',#2451,0.0255999800639657,0.00799985563534129);
#135=ELLIPSE('',#2452,0.0255999185220884,0.00799985751335166);
#136=ELLIPSE('',#2453,0.0236000589589255,0.00600033848201115);
#137=ELLIPSE('',#2455,0.0235999318091389,0.00600007483546579);
#138=ELLIPSE('',#2456,0.0256000015082791,0.00800021626077642);
#139=ELLIPSE('',#2457,0.0255999800639657,0.00799985563534129);
#140=ELLIPSE('',#2458,0.0235999318091389,0.00600007483546579);
#141=ELLIPSE('',#2460,0.0235996364297401,0.00600007968976609);
#142=ELLIPSE('',#2462,0.0235999318091389,0.00600007483546579);
#143=ELLIPSE('',#2463,0.0235999318091389,0.00600007483546579);
#144=ELLIPSE('',#2465,0.0236000589589255,0.00600033848201115);
#145=ELLIPSE('',#2466,0.0235996364297401,0.00600007968976609);
#146=ELLIPSE('',#2467,0.0255999185220884,0.00799985751335166);
#147=ELLIPSE('',#2468,0.0256000015082791,0.00800021626077642);
#148=PLANE('',#2318);
#149=PLANE('',#2332);
#150=PLANE('',#2340);
#151=PLANE('',#2345);
#152=PLANE('',#2349);
#153=PLANE('',#2350);
#154=PLANE('',#2351);
#155=PLANE('',#2352);
#156=PLANE('',#2353);
#157=PLANE('',#2354);
#158=PLANE('',#2355);
#159=PLANE('',#2356);
#160=PLANE('',#2357);
#161=PLANE('',#2358);
#162=PLANE('',#2362);
#163=PLANE('',#2366);
#164=PLANE('',#2370);
#165=PLANE('',#2376);
#166=PLANE('',#2380);
#167=PLANE('',#2384);
#168=PLANE('',#2388);
#169=PLANE('',#2394);
#170=PLANE('',#2400);
#171=PLANE('',#2404);
#172=PLANE('',#2408);
#173=PLANE('',#2492);
#174=PLANE('',#2498);
#175=CIRCLE('',#2316,0.03);
#176=CIRCLE('',#2317,0.03);
#177=CIRCLE('',#2319,0.00158427103924093);
#178=CIRCLE('',#2325,0.00158427103924093);
#179=CIRCLE('',#2328,0.00158427103921688);
#180=CIRCLE('',#2331,0.0284);
#181=CIRCLE('',#2333,0.03);
#182=CIRCLE('',#2334,0.004);
#183=CIRCLE('',#2335,0.0064);
#184=CIRCLE('',#2337,0.0284);
#185=CIRCLE('',#2339,0.03);
#186=CIRCLE('',#2341,0.004);
#187=CIRCLE('',#2342,0.0064);
#188=CIRCLE('',#2343,0.0064);
#189=CIRCLE('',#2344,0.004);
#190=CIRCLE('',#2346,0.0818191289260928);
#191=CIRCLE('',#2363,0.0818196642301073);
#192=CIRCLE('',#2367,0.0818197839651917);
#193=CIRCLE('',#2373,0.00158427103924093);
#194=CIRCLE('',#2381,0.0818193897562434);
#195=CIRCLE('',#2387,0.0818131564699536);
#196=CIRCLE('',#2391,0.00158427103921688);
#197=CIRCLE('',#2397,0.00158427103924093);
#198=CIRCLE('',#2407,0.0818190583701563);
#199=CIRCLE('',#2410,0.0818193897562434);
#200=CIRCLE('',#2415,0.0924524895802142);
#201=CIRCLE('',#2416,0.092456137473634);
#202=CIRCLE('',#2417,0.092450138936251);
#203=CIRCLE('',#2418,0.0924520685611425);
#204=CIRCLE('',#2419,0.0924425293966311);
#205=CIRCLE('',#2420,0.0924499605342655);
#206=CIRCLE('',#2423,0.0818131564699536);
#207=CIRCLE('',#2428,0.0818197839651917);
#208=CIRCLE('',#2434,0.00158427103921688);
#209=CIRCLE('',#2437,0.0818190583701563);
#210=CIRCLE('',#2439,0.00158427103924093);
#211=CIRCLE('',#2442,0.00158427103921688);
#212=CIRCLE('',#2445,0.00158427103924093);
#213=CIRCLE('',#2454,0.00158427103924093);
#214=CIRCLE('',#2459,0.00158427103924093);
#215=CIRCLE('',#2461,0.0818191289260928);
#216=CIRCLE('',#2464,0.0818196642301073);
#217=CIRCLE('',#2481,0.0924499605342655);
#218=CIRCLE('',#2483,0.0924425293966311);
#219=CIRCLE('',#2485,0.0924520685611425);
#220=CIRCLE('',#2487,0.092450138936251);
#221=CIRCLE('',#2489,0.092456137473634);
#222=CIRCLE('',#2491,0.0924524895802142);
#223=CIRCLE('',#2495,0.0064);
#224=CIRCLE('',#2497,0.004);
#225=ORIENTED_EDGE('',*,*,#697,.F.);
#226=ORIENTED_EDGE('',*,*,#698,.F.);
#227=ORIENTED_EDGE('',*,*,#699,.T.);
#228=ORIENTED_EDGE('',*,*,#700,.T.);
#229=ORIENTED_EDGE('',*,*,#701,.F.);
#230=ORIENTED_EDGE('',*,*,#702,.F.);
#231=ORIENTED_EDGE('',*,*,#703,.F.);
#232=ORIENTED_EDGE('',*,*,#704,.F.);
#233=ORIENTED_EDGE('',*,*,#705,.F.);
#234=ORIENTED_EDGE('',*,*,#706,.F.);
#235=ORIENTED_EDGE('',*,*,#707,.F.);
#236=ORIENTED_EDGE('',*,*,#708,.F.);
#237=ORIENTED_EDGE('',*,*,#709,.F.);
#238=ORIENTED_EDGE('',*,*,#710,.T.);
#239=ORIENTED_EDGE('',*,*,#711,.F.);
#240=ORIENTED_EDGE('',*,*,#712,.F.);
#241=ORIENTED_EDGE('',*,*,#713,.F.);
#242=ORIENTED_EDGE('',*,*,#714,.F.);
#243=ORIENTED_EDGE('',*,*,#715,.T.);
#244=ORIENTED_EDGE('',*,*,#716,.F.);
#245=ORIENTED_EDGE('',*,*,#700,.F.);
#246=ORIENTED_EDGE('',*,*,#713,.T.);
#247=ORIENTED_EDGE('',*,*,#717,.T.);
#248=ORIENTED_EDGE('',*,*,#718,.F.);
#249=ORIENTED_EDGE('',*,*,#719,.T.);
#250=ORIENTED_EDGE('',*,*,#714,.T.);
#251=ORIENTED_EDGE('',*,*,#720,.F.);
#252=ORIENTED_EDGE('',*,*,#717,.F.);
#253=ORIENTED_EDGE('',*,*,#721,.F.);
#254=ORIENTED_EDGE('',*,*,#722,.T.);
#255=ORIENTED_EDGE('',*,*,#723,.T.);
#256=ORIENTED_EDGE('',*,*,#698,.T.);
#257=ORIENTED_EDGE('',*,*,#724,.T.);
#258=ORIENTED_EDGE('',*,*,#725,.T.);
#259=ORIENTED_EDGE('',*,*,#726,.F.);
#260=ORIENTED_EDGE('',*,*,#718,.T.);
#261=ORIENTED_EDGE('',*,*,#727,.F.);
#262=ORIENTED_EDGE('',*,*,#728,.T.);
#263=ORIENTED_EDGE('',*,*,#729,.T.);
#264=ORIENTED_EDGE('',*,*,#730,.T.);
#265=ORIENTED_EDGE('',*,*,#731,.T.);
#266=ORIENTED_EDGE('',*,*,#732,.F.);
#267=ORIENTED_EDGE('',*,*,#733,.F.);
#268=ORIENTED_EDGE('',*,*,#734,.T.);
#269=ORIENTED_EDGE('',*,*,#735,.F.);
#270=ORIENTED_EDGE('',*,*,#736,.F.);
#271=ORIENTED_EDGE('',*,*,#737,.T.);
#272=ORIENTED_EDGE('',*,*,#738,.T.);
#273=ORIENTED_EDGE('',*,*,#739,.F.);
#274=ORIENTED_EDGE('',*,*,#740,.F.);
#275=ORIENTED_EDGE('',*,*,#735,.T.);
#276=ORIENTED_EDGE('',*,*,#741,.T.);
#277=ORIENTED_EDGE('',*,*,#730,.F.);
#278=ORIENTED_EDGE('',*,*,#742,.F.);
#279=ORIENTED_EDGE('',*,*,#739,.T.);
#280=ORIENTED_EDGE('',*,*,#743,.T.);
#281=ORIENTED_EDGE('',*,*,#744,.F.);
#282=ORIENTED_EDGE('',*,*,#745,.F.);
#283=ORIENTED_EDGE('',*,*,#732,.T.);
#284=ORIENTED_EDGE('',*,*,#746,.T.);
#285=ORIENTED_EDGE('',*,*,#747,.F.);
#286=ORIENTED_EDGE('',*,*,#748,.F.);
#287=ORIENTED_EDGE('',*,*,#744,.T.);
#288=ORIENTED_EDGE('',*,*,#749,.F.);
#289=ORIENTED_EDGE('',*,*,#750,.F.);
#290=ORIENTED_EDGE('',*,*,#751,.F.);
#291=ORIENTED_EDGE('',*,*,#747,.T.);
#292=ORIENTED_EDGE('',*,*,#750,.T.);
#293=ORIENTED_EDGE('',*,*,#752,.F.);
#294=ORIENTED_EDGE('',*,*,#753,.F.);
#295=ORIENTED_EDGE('',*,*,#754,.T.);
#296=ORIENTED_EDGE('',*,*,#753,.T.);
#297=ORIENTED_EDGE('',*,*,#755,.F.);
#298=ORIENTED_EDGE('',*,*,#756,.F.);
#299=ORIENTED_EDGE('',*,*,#757,.T.);
#300=ORIENTED_EDGE('',*,*,#756,.T.);
#301=ORIENTED_EDGE('',*,*,#758,.F.);
#302=ORIENTED_EDGE('',*,*,#737,.F.);
#303=ORIENTED_EDGE('',*,*,#759,.T.);
#304=ORIENTED_EDGE('',*,*,#736,.T.);
#305=ORIENTED_EDGE('',*,*,#740,.T.);
#306=ORIENTED_EDGE('',*,*,#742,.T.);
#307=ORIENTED_EDGE('',*,*,#733,.T.);
#308=ORIENTED_EDGE('',*,*,#745,.T.);
#309=ORIENTED_EDGE('',*,*,#748,.T.);
#310=ORIENTED_EDGE('',*,*,#751,.T.);
#311=ORIENTED_EDGE('',*,*,#754,.F.);
#312=ORIENTED_EDGE('',*,*,#757,.F.);
#313=ORIENTED_EDGE('',*,*,#759,.F.);
#314=ORIENTED_EDGE('',*,*,#760,.F.);
#315=ORIENTED_EDGE('',*,*,#761,.T.);
#316=ORIENTED_EDGE('',*,*,#762,.F.);
#317=ORIENTED_EDGE('',*,*,#763,.F.);
#318=ORIENTED_EDGE('',*,*,#764,.T.);
#319=ORIENTED_EDGE('',*,*,#765,.T.);
#320=ORIENTED_EDGE('',*,*,#766,.F.);
#321=ORIENTED_EDGE('',*,*,#767,.T.);
#322=ORIENTED_EDGE('',*,*,#768,.T.);
#323=ORIENTED_EDGE('',*,*,#769,.F.);
#324=ORIENTED_EDGE('',*,*,#770,.T.);
#325=ORIENTED_EDGE('',*,*,#771,.F.);
#326=ORIENTED_EDGE('',*,*,#772,.T.);
#327=ORIENTED_EDGE('',*,*,#773,.F.);
#328=ORIENTED_EDGE('',*,*,#774,.F.);
#329=ORIENTED_EDGE('',*,*,#775,.T.);
#330=ORIENTED_EDGE('',*,*,#776,.F.);
#331=ORIENTED_EDGE('',*,*,#777,.F.);
#332=ORIENTED_EDGE('',*,*,#778,.T.);
#333=ORIENTED_EDGE('',*,*,#779,.T.);
#334=ORIENTED_EDGE('',*,*,#780,.T.);
#335=ORIENTED_EDGE('',*,*,#781,.T.);
#336=ORIENTED_EDGE('',*,*,#782,.F.);
#337=ORIENTED_EDGE('',*,*,#783,.F.);
#338=ORIENTED_EDGE('',*,*,#784,.T.);
#339=ORIENTED_EDGE('',*,*,#785,.T.);
#340=ORIENTED_EDGE('',*,*,#786,.T.);
#341=ORIENTED_EDGE('',*,*,#787,.F.);
#342=ORIENTED_EDGE('',*,*,#788,.F.);
#343=ORIENTED_EDGE('',*,*,#789,.T.);
#344=ORIENTED_EDGE('',*,*,#790,.F.);
#345=ORIENTED_EDGE('',*,*,#791,.T.);
#346=ORIENTED_EDGE('',*,*,#792,.F.);
#347=ORIENTED_EDGE('',*,*,#793,.F.);
#348=ORIENTED_EDGE('',*,*,#794,.T.);
#349=ORIENTED_EDGE('',*,*,#795,.F.);
#350=ORIENTED_EDGE('',*,*,#796,.T.);
#351=ORIENTED_EDGE('',*,*,#797,.T.);
#352=ORIENTED_EDGE('',*,*,#798,.F.);
#353=ORIENTED_EDGE('',*,*,#799,.F.);
#354=ORIENTED_EDGE('',*,*,#800,.T.);
#355=ORIENTED_EDGE('',*,*,#801,.F.);
#356=ORIENTED_EDGE('',*,*,#802,.F.);
#357=ORIENTED_EDGE('',*,*,#803,.T.);
#358=ORIENTED_EDGE('',*,*,#804,.T.);
#359=ORIENTED_EDGE('',*,*,#805,.F.);
#360=ORIENTED_EDGE('',*,*,#806,.F.);
#361=ORIENTED_EDGE('',*,*,#807,.F.);
#362=ORIENTED_EDGE('',*,*,#808,.F.);
#363=ORIENTED_EDGE('',*,*,#809,.F.);
#364=ORIENTED_EDGE('',*,*,#810,.F.);
#365=ORIENTED_EDGE('',*,*,#811,.F.);
#366=ORIENTED_EDGE('',*,*,#812,.F.);
#367=ORIENTED_EDGE('',*,*,#813,.T.);
#368=ORIENTED_EDGE('',*,*,#814,.F.);
#369=ORIENTED_EDGE('',*,*,#815,.T.);
#370=ORIENTED_EDGE('',*,*,#816,.T.);
#371=ORIENTED_EDGE('',*,*,#817,.F.);
#372=ORIENTED_EDGE('',*,*,#818,.T.);
#373=ORIENTED_EDGE('',*,*,#819,.F.);
#374=ORIENTED_EDGE('',*,*,#820,.F.);
#375=ORIENTED_EDGE('',*,*,#821,.T.);
#376=ORIENTED_EDGE('',*,*,#822,.T.);
#377=ORIENTED_EDGE('',*,*,#823,.F.);
#378=ORIENTED_EDGE('',*,*,#824,.F.);
#379=ORIENTED_EDGE('',*,*,#825,.F.);
#380=ORIENTED_EDGE('',*,*,#826,.F.);
#381=ORIENTED_EDGE('',*,*,#827,.T.);
#382=ORIENTED_EDGE('',*,*,#828,.T.);
#383=ORIENTED_EDGE('',*,*,#829,.T.);
#384=ORIENTED_EDGE('',*,*,#830,.T.);
#385=ORIENTED_EDGE('',*,*,#831,.T.);
#386=ORIENTED_EDGE('',*,*,#832,.F.);
#387=ORIENTED_EDGE('',*,*,#833,.T.);
#388=ORIENTED_EDGE('',*,*,#834,.T.);
#389=ORIENTED_EDGE('',*,*,#835,.T.);
#390=ORIENTED_EDGE('',*,*,#836,.T.);
#391=ORIENTED_EDGE('',*,*,#837,.T.);
#392=ORIENTED_EDGE('',*,*,#838,.T.);
#393=ORIENTED_EDGE('',*,*,#839,.T.);
#394=ORIENTED_EDGE('',*,*,#840,.F.);
#395=ORIENTED_EDGE('',*,*,#841,.T.);
#396=ORIENTED_EDGE('',*,*,#842,.T.);
#397=ORIENTED_EDGE('',*,*,#843,.F.);
#398=ORIENTED_EDGE('',*,*,#844,.T.);
#399=ORIENTED_EDGE('',*,*,#845,.F.);
#400=ORIENTED_EDGE('',*,*,#846,.T.);
#401=ORIENTED_EDGE('',*,*,#847,.T.);
#402=ORIENTED_EDGE('',*,*,#848,.F.);
#403=ORIENTED_EDGE('',*,*,#849,.T.);
#404=ORIENTED_EDGE('',*,*,#850,.F.);
#405=ORIENTED_EDGE('',*,*,#851,.T.);
#406=ORIENTED_EDGE('',*,*,#852,.F.);
#407=ORIENTED_EDGE('',*,*,#853,.F.);
#408=ORIENTED_EDGE('',*,*,#854,.T.);
#409=ORIENTED_EDGE('',*,*,#855,.F.);
#410=ORIENTED_EDGE('',*,*,#856,.F.);
#411=ORIENTED_EDGE('',*,*,#857,.T.);
#412=ORIENTED_EDGE('',*,*,#858,.T.);
#413=ORIENTED_EDGE('',*,*,#703,.T.);
#414=ORIENTED_EDGE('',*,*,#859,.F.);
#415=ORIENTED_EDGE('',*,*,#839,.F.);
#416=ORIENTED_EDGE('',*,*,#860,.T.);
#417=ORIENTED_EDGE('',*,*,#704,.T.);
#418=ORIENTED_EDGE('',*,*,#860,.F.);
#419=ORIENTED_EDGE('',*,*,#838,.F.);
#420=ORIENTED_EDGE('',*,*,#861,.T.);
#421=ORIENTED_EDGE('',*,*,#705,.T.);
#422=ORIENTED_EDGE('',*,*,#861,.F.);
#423=ORIENTED_EDGE('',*,*,#837,.F.);
#424=ORIENTED_EDGE('',*,*,#862,.T.);
#425=ORIENTED_EDGE('',*,*,#707,.T.);
#426=ORIENTED_EDGE('',*,*,#863,.F.);
#427=ORIENTED_EDGE('',*,*,#835,.F.);
#428=ORIENTED_EDGE('',*,*,#864,.T.);
#429=ORIENTED_EDGE('',*,*,#708,.T.);
#430=ORIENTED_EDGE('',*,*,#864,.F.);
#431=ORIENTED_EDGE('',*,*,#834,.F.);
#432=ORIENTED_EDGE('',*,*,#865,.T.);
#433=ORIENTED_EDGE('',*,*,#709,.T.);
#434=ORIENTED_EDGE('',*,*,#865,.F.);
#435=ORIENTED_EDGE('',*,*,#833,.F.);
#436=ORIENTED_EDGE('',*,*,#866,.T.);
#437=ORIENTED_EDGE('',*,*,#867,.T.);
#438=ORIENTED_EDGE('',*,*,#710,.F.);
#439=ORIENTED_EDGE('',*,*,#866,.F.);
#440=ORIENTED_EDGE('',*,*,#832,.T.);
#441=ORIENTED_EDGE('',*,*,#711,.T.);
#442=ORIENTED_EDGE('',*,*,#867,.F.);
#443=ORIENTED_EDGE('',*,*,#831,.F.);
#444=ORIENTED_EDGE('',*,*,#868,.T.);
#445=ORIENTED_EDGE('',*,*,#712,.T.);
#446=ORIENTED_EDGE('',*,*,#868,.F.);
#447=ORIENTED_EDGE('',*,*,#830,.F.);
#448=ORIENTED_EDGE('',*,*,#869,.T.);
#449=ORIENTED_EDGE('',*,*,#701,.T.);
#450=ORIENTED_EDGE('',*,*,#869,.F.);
#451=ORIENTED_EDGE('',*,*,#829,.F.);
#452=ORIENTED_EDGE('',*,*,#870,.T.);
#453=ORIENTED_EDGE('',*,*,#871,.T.);
#454=ORIENTED_EDGE('',*,*,#798,.T.);
#455=ORIENTED_EDGE('',*,*,#872,.F.);
#456=ORIENTED_EDGE('',*,*,#827,.F.);
#457=ORIENTED_EDGE('',*,*,#796,.F.);
#458=ORIENTED_EDGE('',*,*,#871,.F.);
#459=ORIENTED_EDGE('',*,*,#826,.T.);
#460=ORIENTED_EDGE('',*,*,#873,.T.);
#461=ORIENTED_EDGE('',*,*,#797,.F.);
#462=ORIENTED_EDGE('',*,*,#873,.F.);
#463=ORIENTED_EDGE('',*,*,#825,.T.);
#464=ORIENTED_EDGE('',*,*,#872,.T.);
#465=ORIENTED_EDGE('',*,*,#874,.T.);
#466=ORIENTED_EDGE('',*,*,#795,.T.);
#467=ORIENTED_EDGE('',*,*,#875,.F.);
#468=ORIENTED_EDGE('',*,*,#816,.F.);
#469=ORIENTED_EDGE('',*,*,#876,.T.);
#470=ORIENTED_EDGE('',*,*,#793,.T.);
#471=ORIENTED_EDGE('',*,*,#874,.F.);
#472=ORIENTED_EDGE('',*,*,#815,.F.);
#473=ORIENTED_EDGE('',*,*,#794,.F.);
#474=ORIENTED_EDGE('',*,*,#876,.F.);
#475=ORIENTED_EDGE('',*,*,#814,.T.);
#476=ORIENTED_EDGE('',*,*,#875,.T.);
#477=ORIENTED_EDGE('',*,*,#877,.T.);
#478=ORIENTED_EDGE('',*,*,#790,.T.);
#479=ORIENTED_EDGE('',*,*,#878,.F.);
#480=ORIENTED_EDGE('',*,*,#849,.F.);
#481=ORIENTED_EDGE('',*,*,#791,.F.);
#482=ORIENTED_EDGE('',*,*,#877,.F.);
#483=ORIENTED_EDGE('',*,*,#848,.T.);
#484=ORIENTED_EDGE('',*,*,#879,.T.);
#485=ORIENTED_EDGE('',*,*,#880,.T.);
#486=ORIENTED_EDGE('',*,*,#792,.T.);
#487=ORIENTED_EDGE('',*,*,#879,.F.);
#488=ORIENTED_EDGE('',*,*,#847,.F.);
#489=ORIENTED_EDGE('',*,*,#881,.T.);
#490=ORIENTED_EDGE('',*,*,#788,.T.);
#491=ORIENTED_EDGE('',*,*,#880,.F.);
#492=ORIENTED_EDGE('',*,*,#846,.F.);
#493=ORIENTED_EDGE('',*,*,#789,.F.);
#494=ORIENTED_EDGE('',*,*,#881,.F.);
#495=ORIENTED_EDGE('',*,*,#845,.T.);
#496=ORIENTED_EDGE('',*,*,#878,.T.);
#497=ORIENTED_EDGE('',*,*,#785,.F.);
#498=ORIENTED_EDGE('',*,*,#882,.F.);
#499=ORIENTED_EDGE('',*,*,#824,.T.);
#500=ORIENTED_EDGE('',*,*,#883,.T.);
#501=ORIENTED_EDGE('',*,*,#786,.F.);
#502=ORIENTED_EDGE('',*,*,#883,.F.);
#503=ORIENTED_EDGE('',*,*,#823,.T.);
#504=ORIENTED_EDGE('',*,*,#884,.T.);
#505=ORIENTED_EDGE('',*,*,#885,.T.);
#506=ORIENTED_EDGE('',*,*,#787,.T.);
#507=ORIENTED_EDGE('',*,*,#884,.F.);
#508=ORIENTED_EDGE('',*,*,#822,.F.);
#509=ORIENTED_EDGE('',*,*,#886,.T.);
#510=ORIENTED_EDGE('',*,*,#783,.T.);
#511=ORIENTED_EDGE('',*,*,#885,.F.);
#512=ORIENTED_EDGE('',*,*,#821,.F.);
#513=ORIENTED_EDGE('',*,*,#784,.F.);
#514=ORIENTED_EDGE('',*,*,#886,.F.);
#515=ORIENTED_EDGE('',*,*,#820,.T.);
#516=ORIENTED_EDGE('',*,*,#882,.T.);
#517=ORIENTED_EDGE('',*,*,#887,.T.);
#518=ORIENTED_EDGE('',*,*,#782,.T.);
#519=ORIENTED_EDGE('',*,*,#888,.F.);
#520=ORIENTED_EDGE('',*,*,#813,.F.);
#521=ORIENTED_EDGE('',*,*,#780,.F.);
#522=ORIENTED_EDGE('',*,*,#887,.F.);
#523=ORIENTED_EDGE('',*,*,#812,.T.);
#524=ORIENTED_EDGE('',*,*,#889,.T.);
#525=ORIENTED_EDGE('',*,*,#781,.F.);
#526=ORIENTED_EDGE('',*,*,#889,.F.);
#527=ORIENTED_EDGE('',*,*,#811,.T.);
#528=ORIENTED_EDGE('',*,*,#888,.T.);
#529=ORIENTED_EDGE('',*,*,#779,.F.);
#530=ORIENTED_EDGE('',*,*,#890,.F.);
#531=ORIENTED_EDGE('',*,*,#801,.T.);
#532=ORIENTED_EDGE('',*,*,#891,.T.);
#533=ORIENTED_EDGE('',*,*,#892,.T.);
#534=ORIENTED_EDGE('',*,*,#777,.T.);
#535=ORIENTED_EDGE('',*,*,#891,.F.);
#536=ORIENTED_EDGE('',*,*,#800,.F.);
#537=ORIENTED_EDGE('',*,*,#778,.F.);
#538=ORIENTED_EDGE('',*,*,#892,.F.);
#539=ORIENTED_EDGE('',*,*,#799,.T.);
#540=ORIENTED_EDGE('',*,*,#890,.T.);
#541=ORIENTED_EDGE('',*,*,#893,.T.);
#542=ORIENTED_EDGE('',*,*,#776,.T.);
#543=ORIENTED_EDGE('',*,*,#894,.F.);
#544=ORIENTED_EDGE('',*,*,#804,.F.);
#545=ORIENTED_EDGE('',*,*,#895,.T.);
#546=ORIENTED_EDGE('',*,*,#774,.T.);
#547=ORIENTED_EDGE('',*,*,#893,.F.);
#548=ORIENTED_EDGE('',*,*,#803,.F.);
#549=ORIENTED_EDGE('',*,*,#775,.F.);
#550=ORIENTED_EDGE('',*,*,#895,.F.);
#551=ORIENTED_EDGE('',*,*,#802,.T.);
#552=ORIENTED_EDGE('',*,*,#894,.T.);
#553=ORIENTED_EDGE('',*,*,#896,.T.);
#554=ORIENTED_EDGE('',*,*,#771,.T.);
#555=ORIENTED_EDGE('',*,*,#897,.F.);
#556=ORIENTED_EDGE('',*,*,#844,.F.);
#557=ORIENTED_EDGE('',*,*,#772,.F.);
#558=ORIENTED_EDGE('',*,*,#896,.F.);
#559=ORIENTED_EDGE('',*,*,#843,.T.);
#560=ORIENTED_EDGE('',*,*,#898,.T.);
#561=ORIENTED_EDGE('',*,*,#899,.T.);
#562=ORIENTED_EDGE('',*,*,#773,.T.);
#563=ORIENTED_EDGE('',*,*,#898,.F.);
#564=ORIENTED_EDGE('',*,*,#842,.F.);
#565=ORIENTED_EDGE('',*,*,#900,.T.);
#566=ORIENTED_EDGE('',*,*,#769,.T.);
#567=ORIENTED_EDGE('',*,*,#899,.F.);
#568=ORIENTED_EDGE('',*,*,#841,.F.);
#569=ORIENTED_EDGE('',*,*,#770,.F.);
#570=ORIENTED_EDGE('',*,*,#900,.F.);
#571=ORIENTED_EDGE('',*,*,#840,.T.);
#572=ORIENTED_EDGE('',*,*,#897,.T.);
#573=ORIENTED_EDGE('',*,*,#768,.F.);
#574=ORIENTED_EDGE('',*,*,#901,.F.);
#575=ORIENTED_EDGE('',*,*,#819,.T.);
#576=ORIENTED_EDGE('',*,*,#902,.T.);
#577=ORIENTED_EDGE('',*,*,#903,.T.);
#578=ORIENTED_EDGE('',*,*,#766,.T.);
#579=ORIENTED_EDGE('',*,*,#902,.F.);
#580=ORIENTED_EDGE('',*,*,#818,.F.);
#581=ORIENTED_EDGE('',*,*,#767,.F.);
#582=ORIENTED_EDGE('',*,*,#903,.F.);
#583=ORIENTED_EDGE('',*,*,#817,.T.);
#584=ORIENTED_EDGE('',*,*,#901,.T.);
#585=ORIENTED_EDGE('',*,*,#765,.F.);
#586=ORIENTED_EDGE('',*,*,#904,.F.);
#587=ORIENTED_EDGE('',*,*,#855,.T.);
#588=ORIENTED_EDGE('',*,*,#905,.T.);
#589=ORIENTED_EDGE('',*,*,#906,.T.);
#590=ORIENTED_EDGE('',*,*,#763,.T.);
#591=ORIENTED_EDGE('',*,*,#905,.F.);
#592=ORIENTED_EDGE('',*,*,#854,.F.);
#593=ORIENTED_EDGE('',*,*,#764,.F.);
#594=ORIENTED_EDGE('',*,*,#906,.F.);
#595=ORIENTED_EDGE('',*,*,#853,.T.);
#596=ORIENTED_EDGE('',*,*,#904,.T.);
#597=ORIENTED_EDGE('',*,*,#907,.T.);
#598=ORIENTED_EDGE('',*,*,#762,.T.);
#599=ORIENTED_EDGE('',*,*,#908,.F.);
#600=ORIENTED_EDGE('',*,*,#858,.F.);
#601=ORIENTED_EDGE('',*,*,#909,.T.);
#602=ORIENTED_EDGE('',*,*,#760,.T.);
#603=ORIENTED_EDGE('',*,*,#907,.F.);
#604=ORIENTED_EDGE('',*,*,#857,.F.);
#605=ORIENTED_EDGE('',*,*,#761,.F.);
#606=ORIENTED_EDGE('',*,*,#909,.F.);
#607=ORIENTED_EDGE('',*,*,#856,.T.);
#608=ORIENTED_EDGE('',*,*,#908,.T.);
#609=ORIENTED_EDGE('',*,*,#910,.F.);
#610=ORIENTED_EDGE('',*,*,#911,.F.);
#611=ORIENTED_EDGE('',*,*,#810,.T.);
#612=ORIENTED_EDGE('',*,*,#912,.T.);
#613=ORIENTED_EDGE('',*,*,#913,.F.);
#614=ORIENTED_EDGE('',*,*,#912,.F.);
#615=ORIENTED_EDGE('',*,*,#809,.T.);
#616=ORIENTED_EDGE('',*,*,#914,.T.);
#617=ORIENTED_EDGE('',*,*,#915,.F.);
#618=ORIENTED_EDGE('',*,*,#914,.F.);
#619=ORIENTED_EDGE('',*,*,#808,.T.);
#620=ORIENTED_EDGE('',*,*,#916,.T.);
#621=ORIENTED_EDGE('',*,*,#917,.F.);
#622=ORIENTED_EDGE('',*,*,#916,.F.);
#623=ORIENTED_EDGE('',*,*,#807,.T.);
#624=ORIENTED_EDGE('',*,*,#918,.T.);
#625=ORIENTED_EDGE('',*,*,#919,.F.);
#626=ORIENTED_EDGE('',*,*,#918,.F.);
#627=ORIENTED_EDGE('',*,*,#806,.T.);
#628=ORIENTED_EDGE('',*,*,#920,.T.);
#629=ORIENTED_EDGE('',*,*,#921,.F.);
#630=ORIENTED_EDGE('',*,*,#920,.F.);
#631=ORIENTED_EDGE('',*,*,#805,.T.);
#632=ORIENTED_EDGE('',*,*,#911,.T.);
#633=ORIENTED_EDGE('',*,*,#738,.F.);
#634=ORIENTED_EDGE('',*,*,#734,.F.);
#635=ORIENTED_EDGE('',*,*,#758,.T.);
#636=ORIENTED_EDGE('',*,*,#755,.T.);
#637=ORIENTED_EDGE('',*,*,#752,.T.);
#638=ORIENTED_EDGE('',*,*,#749,.T.);
#639=ORIENTED_EDGE('',*,*,#746,.F.);
#640=ORIENTED_EDGE('',*,*,#743,.F.);
#641=ORIENTED_EDGE('',*,*,#731,.F.);
#642=ORIENTED_EDGE('',*,*,#741,.F.);
#643=ORIENTED_EDGE('',*,*,#919,.T.);
#644=ORIENTED_EDGE('',*,*,#921,.T.);
#645=ORIENTED_EDGE('',*,*,#910,.T.);
#646=ORIENTED_EDGE('',*,*,#913,.T.);
#647=ORIENTED_EDGE('',*,*,#915,.T.);
#648=ORIENTED_EDGE('',*,*,#917,.T.);
#649=ORIENTED_EDGE('',*,*,#729,.F.);
#650=ORIENTED_EDGE('',*,*,#922,.F.);
#651=ORIENTED_EDGE('',*,*,#852,.T.);
#652=ORIENTED_EDGE('',*,*,#923,.T.);
#653=ORIENTED_EDGE('',*,*,#924,.T.);
#654=ORIENTED_EDGE('',*,*,#727,.T.);
#655=ORIENTED_EDGE('',*,*,#923,.F.);
#656=ORIENTED_EDGE('',*,*,#851,.F.);
#657=ORIENTED_EDGE('',*,*,#728,.F.);
#658=ORIENTED_EDGE('',*,*,#924,.F.);
#659=ORIENTED_EDGE('',*,*,#850,.T.);
#660=ORIENTED_EDGE('',*,*,#922,.T.);
#661=ORIENTED_EDGE('',*,*,#863,.T.);
#662=ORIENTED_EDGE('',*,*,#706,.T.);
#663=ORIENTED_EDGE('',*,*,#862,.F.);
#664=ORIENTED_EDGE('',*,*,#836,.F.);
#665=ORIENTED_EDGE('',*,*,#859,.T.);
#666=ORIENTED_EDGE('',*,*,#702,.T.);
#667=ORIENTED_EDGE('',*,*,#870,.F.);
#668=ORIENTED_EDGE('',*,*,#828,.F.);
#669=ORIENTED_EDGE('',*,*,#925,.T.);
#670=ORIENTED_EDGE('',*,*,#926,.F.);
#671=ORIENTED_EDGE('',*,*,#927,.T.);
#672=ORIENTED_EDGE('',*,*,#724,.F.);
#673=ORIENTED_EDGE('',*,*,#697,.T.);
#674=ORIENTED_EDGE('',*,*,#716,.T.);
#675=ORIENTED_EDGE('',*,*,#699,.F.);
#676=ORIENTED_EDGE('',*,*,#723,.F.);
#677=ORIENTED_EDGE('',*,*,#928,.T.);
#678=ORIENTED_EDGE('',*,*,#929,.T.);
#679=ORIENTED_EDGE('',*,*,#721,.T.);
#680=ORIENTED_EDGE('',*,*,#720,.T.);
#681=ORIENTED_EDGE('',*,*,#715,.F.);
#682=ORIENTED_EDGE('',*,*,#719,.F.);
#683=ORIENTED_EDGE('',*,*,#726,.T.);
#684=ORIENTED_EDGE('',*,*,#930,.T.);
#685=ORIENTED_EDGE('',*,*,#928,.F.);
#686=ORIENTED_EDGE('',*,*,#931,.T.);
#687=ORIENTED_EDGE('',*,*,#926,.T.);
#688=ORIENTED_EDGE('',*,*,#932,.T.);
#689=ORIENTED_EDGE('',*,*,#929,.F.);
#690=ORIENTED_EDGE('',*,*,#932,.F.);
#691=ORIENTED_EDGE('',*,*,#925,.F.);
#692=ORIENTED_EDGE('',*,*,#722,.F.);
#693=ORIENTED_EDGE('',*,*,#930,.F.);
#694=ORIENTED_EDGE('',*,*,#725,.F.);
#695=ORIENTED_EDGE('',*,*,#927,.F.);
#696=ORIENTED_EDGE('',*,*,#931,.F.);
#697=EDGE_CURVE('',#933,#934,#1091,.T.);
#698=EDGE_CURVE('',#935,#933,#175,.T.);
#699=EDGE_CURVE('',#935,#936,#1092,.T.);
#700=EDGE_CURVE('',#936,#934,#176,.T.);
#701=EDGE_CURVE('',#937,#938,#177,.T.);
#702=EDGE_CURVE('',#939,#937,#64,.T.);
#703=EDGE_CURVE('',#940,#939,#65,.T.);
#704=EDGE_CURVE('',#941,#940,#66,.T.);
#705=EDGE_CURVE('',#942,#941,#67,.T.);
#706=EDGE_CURVE('',#943,#942,#68,.T.);
#707=EDGE_CURVE('',#944,#943,#178,.T.);
#708=EDGE_CURVE('',#945,#944,#69,.T.);
#709=EDGE_CURVE('',#946,#945,#70,.T.);
#710=EDGE_CURVE('',#946,#947,#179,.T.);
#711=EDGE_CURVE('',#948,#947,#71,.T.);
#712=EDGE_CURVE('',#938,#948,#72,.T.);
#713=EDGE_CURVE('',#949,#949,#180,.F.);
#714=EDGE_CURVE('',#950,#951,#181,.T.);
#715=EDGE_CURVE('',#950,#951,#182,.T.);
#716=EDGE_CURVE('',#934,#936,#183,.T.);
#717=EDGE_CURVE('',#952,#952,#184,.T.);
#718=EDGE_CURVE('',#953,#954,#185,.T.);
#719=EDGE_CURVE('',#953,#950,#1093,.T.);
#720=EDGE_CURVE('',#954,#951,#1094,.T.);
#721=EDGE_CURVE('',#955,#954,#186,.T.);
#722=EDGE_CURVE('',#955,#956,#1095,.T.);
#723=EDGE_CURVE('',#956,#935,#187,.T.);
#724=EDGE_CURVE('',#933,#957,#188,.T.);
#725=EDGE_CURVE('',#957,#958,#1096,.F.);
#726=EDGE_CURVE('',#953,#958,#189,.T.);
#727=EDGE_CURVE('',#959,#960,#190,.T.);
#728=EDGE_CURVE('',#959,#961,#73,.T.);
#729=EDGE_CURVE('',#961,#960,#74,.T.);
#730=EDGE_CURVE('',#962,#963,#1097,.T.);
#731=EDGE_CURVE('',#963,#964,#12,.T.);
#732=EDGE_CURVE('',#965,#964,#1098,.T.);
#733=EDGE_CURVE('',#962,#965,#13,.T.);
#734=EDGE_CURVE('',#966,#967,#1099,.T.);
#735=EDGE_CURVE('',#968,#967,#1100,.T.);
#736=EDGE_CURVE('',#969,#968,#1101,.T.);
#737=EDGE_CURVE('',#969,#966,#1102,.T.);
#738=EDGE_CURVE('',#967,#970,#1103,.T.);
#739=EDGE_CURVE('',#971,#970,#1104,.T.);
#740=EDGE_CURVE('',#968,#971,#1105,.T.);
#741=EDGE_CURVE('',#970,#963,#1106,.T.);
#742=EDGE_CURVE('',#971,#962,#1107,.T.);
#743=EDGE_CURVE('',#964,#972,#1108,.T.);
#744=EDGE_CURVE('',#973,#972,#1109,.T.);
#745=EDGE_CURVE('',#965,#973,#1110,.T.);
#746=EDGE_CURVE('',#972,#974,#1111,.T.);
#747=EDGE_CURVE('',#975,#974,#1112,.T.);
#748=EDGE_CURVE('',#973,#975,#1113,.T.);
#749=EDGE_CURVE('',#976,#974,#1114,.T.);
#750=EDGE_CURVE('',#977,#976,#1115,.T.);
#751=EDGE_CURVE('',#975,#977,#1116,.T.);
#752=EDGE_CURVE('',#978,#976,#14,.T.);
#753=EDGE_CURVE('',#979,#978,#1117,.T.);
#754=EDGE_CURVE('',#979,#977,#15,.T.);
#755=EDGE_CURVE('',#980,#978,#1118,.T.);
#756=EDGE_CURVE('',#981,#980,#1119,.T.);
#757=EDGE_CURVE('',#981,#979,#1120,.T.);
#758=EDGE_CURVE('',#966,#980,#1121,.T.);
#759=EDGE_CURVE('',#969,#981,#1122,.T.);
#760=EDGE_CURVE('',#982,#983,#75,.T.);
#761=EDGE_CURVE('',#982,#984,#76,.T.);
#762=EDGE_CURVE('',#983,#984,#77,.T.);
#763=EDGE_CURVE('',#985,#986,#191,.T.);
#764=EDGE_CURVE('',#985,#987,#78,.T.);
#765=EDGE_CURVE('',#987,#986,#79,.T.);
#766=EDGE_CURVE('',#988,#989,#192,.T.);
#767=EDGE_CURVE('',#988,#990,#80,.T.);
#768=EDGE_CURVE('',#990,#989,#81,.T.);
#769=EDGE_CURVE('',#991,#992,#82,.T.);
#770=EDGE_CURVE('',#991,#993,#83,.T.);
#771=EDGE_CURVE('',#994,#993,#193,.T.);
#772=EDGE_CURVE('',#994,#995,#84,.T.);
#773=EDGE_CURVE('',#992,#995,#85,.T.);
#774=EDGE_CURVE('',#996,#997,#86,.T.);
#775=EDGE_CURVE('',#996,#998,#87,.T.);
#776=EDGE_CURVE('',#997,#998,#88,.T.);
#777=EDGE_CURVE('',#999,#1000,#194,.T.);
#778=EDGE_CURVE('',#999,#1001,#89,.T.);
#779=EDGE_CURVE('',#1001,#1000,#90,.T.);
#780=EDGE_CURVE('',#1002,#1003,#91,.T.);
#781=EDGE_CURVE('',#1003,#1004,#92,.T.);
#782=EDGE_CURVE('',#1002,#1004,#195,.T.);
#783=EDGE_CURVE('',#1005,#1006,#93,.T.);
#784=EDGE_CURVE('',#1005,#1007,#94,.T.);
#785=EDGE_CURVE('',#1007,#1008,#196,.T.);
#786=EDGE_CURVE('',#1008,#1009,#95,.T.);
#787=EDGE_CURVE('',#1006,#1009,#96,.T.);
#788=EDGE_CURVE('',#1010,#1011,#97,.T.);
#789=EDGE_CURVE('',#1010,#1012,#98,.T.);
#790=EDGE_CURVE('',#1013,#1012,#197,.T.);
#791=EDGE_CURVE('',#1013,#1014,#99,.T.);
#792=EDGE_CURVE('',#1011,#1014,#100,.T.);
#793=EDGE_CURVE('',#1015,#1016,#101,.T.);
#794=EDGE_CURVE('',#1015,#1017,#102,.T.);
#795=EDGE_CURVE('',#1016,#1017,#103,.T.);
#796=EDGE_CURVE('',#1018,#1019,#104,.T.);
#797=EDGE_CURVE('',#1019,#1020,#105,.T.);
#798=EDGE_CURVE('',#1018,#1020,#198,.T.);
#799=EDGE_CURVE('',#1021,#1022,#106,.T.);
#800=EDGE_CURVE('',#1021,#1023,#199,.T.);
#801=EDGE_CURVE('',#1022,#1023,#107,.T.);
#802=EDGE_CURVE('',#1024,#1025,#108,.T.);
#803=EDGE_CURVE('',#1024,#1026,#109,.T.);
#804=EDGE_CURVE('',#1026,#1025,#110,.T.);
#805=EDGE_CURVE('',#1027,#1028,#200,.T.);
#806=EDGE_CURVE('',#1029,#1027,#201,.T.);
#807=EDGE_CURVE('',#1030,#1029,#202,.T.);
#808=EDGE_CURVE('',#1031,#1030,#203,.T.);
#809=EDGE_CURVE('',#1032,#1031,#204,.T.);
#810=EDGE_CURVE('',#1028,#1032,#205,.T.);
#811=EDGE_CURVE('',#1033,#1034,#111,.T.);
#812=EDGE_CURVE('',#1035,#1033,#112,.T.);
#813=EDGE_CURVE('',#1035,#1034,#206,.T.);
#814=EDGE_CURVE('',#1036,#1037,#113,.T.);
#815=EDGE_CURVE('',#1036,#1038,#114,.T.);
#816=EDGE_CURVE('',#1038,#1037,#115,.T.);
#817=EDGE_CURVE('',#1039,#1040,#116,.T.);
#818=EDGE_CURVE('',#1039,#1041,#207,.T.);
#819=EDGE_CURVE('',#1040,#1041,#117,.T.);
#820=EDGE_CURVE('',#1042,#1043,#118,.T.);
#821=EDGE_CURVE('',#1042,#1044,#119,.T.);
#822=EDGE_CURVE('',#1044,#1045,#120,.T.);
#823=EDGE_CURVE('',#1046,#1045,#121,.T.);
#824=EDGE_CURVE('',#1043,#1046,#208,.T.);
#825=EDGE_CURVE('',#1047,#1048,#122,.T.);
#826=EDGE_CURVE('',#1049,#1047,#123,.T.);
#827=EDGE_CURVE('',#1049,#1048,#209,.T.);
#828=EDGE_CURVE('',#1050,#1051,#124,.T.);
#829=EDGE_CURVE('',#1051,#1052,#210,.T.);
#830=EDGE_CURVE('',#1052,#1053,#125,.T.);
#831=EDGE_CURVE('',#1053,#1054,#126,.T.);
#832=EDGE_CURVE('',#1055,#1054,#211,.T.);
#833=EDGE_CURVE('',#1055,#1056,#127,.T.);
#834=EDGE_CURVE('',#1056,#1057,#128,.T.);
#835=EDGE_CURVE('',#1057,#1058,#212,.T.);
#836=EDGE_CURVE('',#1058,#1059,#129,.T.);
#837=EDGE_CURVE('',#1059,#1060,#130,.T.);
#838=EDGE_CURVE('',#1060,#1061,#131,.T.);
#839=EDGE_CURVE('',#1061,#1050,#132,.T.);
#840=EDGE_CURVE('',#1062,#1063,#133,.T.);
#841=EDGE_CURVE('',#1062,#1064,#134,.T.);
#842=EDGE_CURVE('',#1064,#1065,#135,.T.);
#843=EDGE_CURVE('',#1066,#1065,#136,.T.);
#844=EDGE_CURVE('',#1066,#1063,#213,.T.);
#845=EDGE_CURVE('',#1067,#1068,#137,.T.);
#846=EDGE_CURVE('',#1067,#1069,#138,.T.);
#847=EDGE_CURVE('',#1069,#1070,#139,.T.);
#848=EDGE_CURVE('',#1071,#1070,#140,.T.);
#849=EDGE_CURVE('',#1071,#1068,#214,.T.);
#850=EDGE_CURVE('',#1072,#1073,#141,.T.);
#851=EDGE_CURVE('',#1072,#1074,#215,.T.);
#852=EDGE_CURVE('',#1073,#1074,#142,.T.);
#853=EDGE_CURVE('',#1075,#1076,#143,.T.);
#854=EDGE_CURVE('',#1075,#1077,#216,.T.);
#855=EDGE_CURVE('',#1076,#1077,#144,.T.);
#856=EDGE_CURVE('',#1078,#1079,#145,.T.);
#857=EDGE_CURVE('',#1078,#1080,#146,.T.);
#858=EDGE_CURVE('',#1080,#1079,#147,.T.);
#859=EDGE_CURVE('',#1050,#939,#1123,.T.);
#860=EDGE_CURVE('',#1061,#940,#1124,.T.);
#861=EDGE_CURVE('',#1060,#941,#1125,.T.);
#862=EDGE_CURVE('',#1059,#942,#1126,.T.);
#863=EDGE_CURVE('',#1058,#943,#1127,.T.);
#864=EDGE_CURVE('',#1057,#944,#1128,.T.);
#865=EDGE_CURVE('',#1056,#945,#1129,.T.);
#866=EDGE_CURVE('',#1055,#946,#1130,.T.);
#867=EDGE_CURVE('',#1054,#947,#1131,.T.);
#868=EDGE_CURVE('',#1053,#948,#1132,.T.);
#869=EDGE_CURVE('',#1052,#938,#1133,.T.);
#870=EDGE_CURVE('',#1051,#937,#1134,.T.);
#871=EDGE_CURVE('',#1049,#1018,#1135,.T.);
#872=EDGE_CURVE('',#1048,#1020,#1136,.T.);
#873=EDGE_CURVE('',#1047,#1019,#1137,.T.);
#874=EDGE_CURVE('',#1038,#1016,#1138,.T.);
#875=EDGE_CURVE('',#1037,#1017,#1139,.T.);
#876=EDGE_CURVE('',#1036,#1015,#1140,.T.);
#877=EDGE_CURVE('',#1071,#1013,#1141,.T.);
#878=EDGE_CURVE('',#1068,#1012,#1142,.T.);
#879=EDGE_CURVE('',#1070,#1014,#1143,.T.);
#880=EDGE_CURVE('',#1069,#1011,#1144,.T.);
#881=EDGE_CURVE('',#1067,#1010,#1145,.T.);
#882=EDGE_CURVE('',#1043,#1007,#1146,.T.);
#883=EDGE_CURVE('',#1046,#1008,#1147,.T.);
#884=EDGE_CURVE('',#1045,#1009,#1148,.T.);
#885=EDGE_CURVE('',#1044,#1006,#1149,.T.);
#886=EDGE_CURVE('',#1042,#1005,#1150,.T.);
#887=EDGE_CURVE('',#1035,#1002,#1151,.T.);
#888=EDGE_CURVE('',#1034,#1004,#1152,.T.);
#889=EDGE_CURVE('',#1033,#1003,#1153,.T.);
#890=EDGE_CURVE('',#1022,#1001,#1154,.T.);
#891=EDGE_CURVE('',#1023,#1000,#1155,.T.);
#892=EDGE_CURVE('',#1021,#999,#1156,.T.);
#893=EDGE_CURVE('',#1026,#997,#1157,.T.);
#894=EDGE_CURVE('',#1025,#998,#1158,.T.);
#895=EDGE_CURVE('',#1024,#996,#1159,.T.);
#896=EDGE_CURVE('',#1066,#994,#1160,.T.);
#897=EDGE_CURVE('',#1063,#993,#1161,.T.);
#898=EDGE_CURVE('',#1065,#995,#1162,.T.);
#899=EDGE_CURVE('',#1064,#992,#1163,.T.);
#900=EDGE_CURVE('',#1062,#991,#1164,.T.);
#901=EDGE_CURVE('',#1040,#990,#1165,.T.);
#902=EDGE_CURVE('',#1041,#989,#1166,.T.);
#903=EDGE_CURVE('',#1039,#988,#1167,.T.);
#904=EDGE_CURVE('',#1076,#987,#1168,.T.);
#905=EDGE_CURVE('',#1077,#986,#1169,.T.);
#906=EDGE_CURVE('',#1075,#985,#1170,.T.);
#907=EDGE_CURVE('',#1080,#983,#1171,.T.);
#908=EDGE_CURVE('',#1079,#984,#1172,.T.);
#909=EDGE_CURVE('',#1078,#982,#1173,.T.);
#910=EDGE_CURVE('',#1081,#1082,#217,.T.);
#911=EDGE_CURVE('',#1028,#1081,#1174,.F.);
#912=EDGE_CURVE('',#1032,#1082,#1175,.F.);
#913=EDGE_CURVE('',#1082,#1083,#218,.T.);
#914=EDGE_CURVE('',#1031,#1083,#1176,.F.);
#915=EDGE_CURVE('',#1083,#1084,#219,.T.);
#916=EDGE_CURVE('',#1030,#1084,#1177,.F.);
#917=EDGE_CURVE('',#1084,#1085,#220,.T.);
#918=EDGE_CURVE('',#1029,#1085,#1178,.F.);
#919=EDGE_CURVE('',#1085,#1086,#221,.T.);
#920=EDGE_CURVE('',#1027,#1086,#1179,.F.);
#921=EDGE_CURVE('',#1086,#1081,#222,.T.);
#922=EDGE_CURVE('',#1073,#961,#1180,.T.);
#923=EDGE_CURVE('',#1074,#960,#1181,.T.);
#924=EDGE_CURVE('',#1072,#959,#1182,.T.);
#925=EDGE_CURVE('',#956,#1087,#16,.T.);
#926=EDGE_CURVE('',#1088,#1087,#223,.T.);
#927=EDGE_CURVE('',#1088,#957,#17,.T.);
#928=EDGE_CURVE('',#1089,#1090,#224,.T.);
#929=EDGE_CURVE('',#1090,#955,#18,.T.);
#930=EDGE_CURVE('',#958,#1089,#19,.T.);
#931=EDGE_CURVE('',#1089,#1088,#1183,.T.);
#932=EDGE_CURVE('',#1087,#1090,#1184,.T.);
#933=VERTEX_POINT('',#2972);
#934=VERTEX_POINT('',#2973);
#935=VERTEX_POINT('',#2975);
#936=VERTEX_POINT('',#2977);
#937=VERTEX_POINT('',#2981);
#938=VERTEX_POINT('',#2982);
#939=VERTEX_POINT('',#2984);
#940=VERTEX_POINT('',#2986);
#941=VERTEX_POINT('',#2988);
#942=VERTEX_POINT('',#2990);
#943=VERTEX_POINT('',#2992);
#944=VERTEX_POINT('',#2994);
#945=VERTEX_POINT('',#2996);
#946=VERTEX_POINT('',#2998);
#947=VERTEX_POINT('',#3000);
#948=VERTEX_POINT('',#3002);
#949=VERTEX_POINT('',#3005);
#950=VERTEX_POINT('',#3008);
#951=VERTEX_POINT('',#3009);
#952=VERTEX_POINT('',#3014);
#953=VERTEX_POINT('',#3017);
#954=VERTEX_POINT('',#3018);
#955=VERTEX_POINT('',#3023);
#956=VERTEX_POINT('',#3025);
#957=VERTEX_POINT('',#3028);
#958=VERTEX_POINT('',#3030);
#959=VERTEX_POINT('',#3034);
#960=VERTEX_POINT('',#3035);
#961=VERTEX_POINT('',#3037);
#962=VERTEX_POINT('',#3082);
#963=VERTEX_POINT('',#3083);
#964=VERTEX_POINT('',#3105);
#965=VERTEX_POINT('',#3107);
#966=VERTEX_POINT('',#3131);
#967=VERTEX_POINT('',#3132);
#968=VERTEX_POINT('',#3134);
#969=VERTEX_POINT('',#3136);
#970=VERTEX_POINT('',#3140);
#971=VERTEX_POINT('',#3142);
#972=VERTEX_POINT('',#3149);
#973=VERTEX_POINT('',#3151);
#974=VERTEX_POINT('',#3155);
#975=VERTEX_POINT('',#3157);
#976=VERTEX_POINT('',#3161);
#977=VERTEX_POINT('',#3163);
#978=VERTEX_POINT('',#3216);
#979=VERTEX_POINT('',#3218);
#980=VERTEX_POINT('',#3238);
#981=VERTEX_POINT('',#3240);
#982=VERTEX_POINT('',#3248);
#983=VERTEX_POINT('',#3249);
#984=VERTEX_POINT('',#3251);
#985=VERTEX_POINT('',#3255);
#986=VERTEX_POINT('',#3256);
#987=VERTEX_POINT('',#3258);
#988=VERTEX_POINT('',#3262);
#989=VERTEX_POINT('',#3263);
#990=VERTEX_POINT('',#3265);
#991=VERTEX_POINT('',#3269);
#992=VERTEX_POINT('',#3270);
#993=VERTEX_POINT('',#3272);
#994=VERTEX_POINT('',#3274);
#995=VERTEX_POINT('',#3276);
#996=VERTEX_POINT('',#3280);
#997=VERTEX_POINT('',#3281);
#998=VERTEX_POINT('',#3283);
#999=VERTEX_POINT('',#3287);
#1000=VERTEX_POINT('',#3288);
#1001=VERTEX_POINT('',#3290);
#1002=VERTEX_POINT('',#3294);
#1003=VERTEX_POINT('',#3295);
#1004=VERTEX_POINT('',#3297);
#1005=VERTEX_POINT('',#3301);
#1006=VERTEX_POINT('',#3302);
#1007=VERTEX_POINT('',#3304);
#1008=VERTEX_POINT('',#3306);
#1009=VERTEX_POINT('',#3308);
#1010=VERTEX_POINT('',#3312);
#1011=VERTEX_POINT('',#3313);
#1012=VERTEX_POINT('',#3315);
#1013=VERTEX_POINT('',#3317);
#1014=VERTEX_POINT('',#3319);
#1015=VERTEX_POINT('',#3323);
#1016=VERTEX_POINT('',#3324);
#1017=VERTEX_POINT('',#3326);
#1018=VERTEX_POINT('',#3330);
#1019=VERTEX_POINT('',#3331);
#1020=VERTEX_POINT('',#3333);
#1021=VERTEX_POINT('',#3337);
#1022=VERTEX_POINT('',#3338);
#1023=VERTEX_POINT('',#3340);
#1024=VERTEX_POINT('',#3343);
#1025=VERTEX_POINT('',#3344);
#1026=VERTEX_POINT('',#3346);
#1027=VERTEX_POINT('',#3349);
#1028=VERTEX_POINT('',#3350);
#1029=VERTEX_POINT('',#3352);
#1030=VERTEX_POINT('',#3354);
#1031=VERTEX_POINT('',#3356);
#1032=VERTEX_POINT('',#3358);
#1033=VERTEX_POINT('',#3361);
#1034=VERTEX_POINT('',#3362);
#1035=VERTEX_POINT('',#3364);
#1036=VERTEX_POINT('',#3367);
#1037=VERTEX_POINT('',#3368);
#1038=VERTEX_POINT('',#3370);
#1039=VERTEX_POINT('',#3373);
#1040=VERTEX_POINT('',#3374);
#1041=VERTEX_POINT('',#3376);
#1042=VERTEX_POINT('',#3379);
#1043=VERTEX_POINT('',#3380);
#1044=VERTEX_POINT('',#3382);
#1045=VERTEX_POINT('',#3384);
#1046=VERTEX_POINT('',#3386);
#1047=VERTEX_POINT('',#3389);
#1048=VERTEX_POINT('',#3390);
#1049=VERTEX_POINT('',#3392);
#1050=VERTEX_POINT('',#3395);
#1051=VERTEX_POINT('',#3396);
#1052=VERTEX_POINT('',#3398);
#1053=VERTEX_POINT('',#3400);
#1054=VERTEX_POINT('',#3402);
#1055=VERTEX_POINT('',#3404);
#1056=VERTEX_POINT('',#3406);
#1057=VERTEX_POINT('',#3408);
#1058=VERTEX_POINT('',#3410);
#1059=VERTEX_POINT('',#3412);
#1060=VERTEX_POINT('',#3414);
#1061=VERTEX_POINT('',#3416);
#1062=VERTEX_POINT('',#3419);
#1063=VERTEX_POINT('',#3420);
#1064=VERTEX_POINT('',#3422);
#1065=VERTEX_POINT('',#3424);
#1066=VERTEX_POINT('',#3426);
#1067=VERTEX_POINT('',#3429);
#1068=VERTEX_POINT('',#3430);
#1069=VERTEX_POINT('',#3432);
#1070=VERTEX_POINT('',#3434);
#1071=VERTEX_POINT('',#3436);
#1072=VERTEX_POINT('',#3439);
#1073=VERTEX_POINT('',#3440);
#1074=VERTEX_POINT('',#3442);
#1075=VERTEX_POINT('',#3445);
#1076=VERTEX_POINT('',#3446);
#1077=VERTEX_POINT('',#3448);
#1078=VERTEX_POINT('',#3451);
#1079=VERTEX_POINT('',#3452);
#1080=VERTEX_POINT('',#3454);
#1081=VERTEX_POINT('',#3892);
#1082=VERTEX_POINT('',#3893);
#1083=VERTEX_POINT('',#3898);
#1084=VERTEX_POINT('',#3902);
#1085=VERTEX_POINT('',#3906);
#1086=VERTEX_POINT('',#3910);
#1087=VERTEX_POINT('',#3957);
#1088=VERTEX_POINT('',#3959);
#1089=VERTEX_POINT('',#3967);
#1090=VERTEX_POINT('',#3968);
#1091=LINE('',#2971,#1185);
#1092=LINE('',#2976,#1186);
#1093=LINE('',#3019,#1187);
#1094=LINE('',#3020,#1188);
#1095=LINE('',#3024,#1189);
#1096=LINE('',#3029,#1190);
#1097=LINE('',#3081,#1191);
#1098=LINE('',#3106,#1192);
#1099=LINE('',#3130,#1193);
#1100=LINE('',#3133,#1194);
#1101=LINE('',#3135,#1195);
#1102=LINE('',#3137,#1196);
#1103=LINE('',#3139,#1197);
#1104=LINE('',#3141,#1198);
#1105=LINE('',#3143,#1199);
#1106=LINE('',#3145,#1200);
#1107=LINE('',#3146,#1201);
#1108=LINE('',#3148,#1202);
#1109=LINE('',#3150,#1203);
#1110=LINE('',#3152,#1204);
#1111=LINE('',#3154,#1205);
#1112=LINE('',#3156,#1206);
#1113=LINE('',#3158,#1207);
#1114=LINE('',#3160,#1208);
#1115=LINE('',#3162,#1209);
#1116=LINE('',#3164,#1210);
#1117=LINE('',#3217,#1211);
#1118=LINE('',#3237,#1212);
#1119=LINE('',#3239,#1213);
#1120=LINE('',#3241,#1214);
#1121=LINE('',#3243,#1215);
#1122=LINE('',#3244,#1216);
#1123=LINE('',#3470,#1217);
#1124=LINE('',#3471,#1218);
#1125=LINE('',#3486,#1219);
#1126=LINE('',#3501,#1220);
#1127=LINE('',#3503,#1221);
#1128=LINE('',#3504,#1222);
#1129=LINE('',#3519,#1223);
#1130=LINE('',#3530,#1224);
#1131=LINE('',#3532,#1225);
#1132=LINE('',#3543,#1226);
#1133=LINE('',#3558,#1227);
#1134=LINE('',#3560,#1228);
#1135=LINE('',#3562,#1229);
#1136=LINE('',#3563,#1230);
#1137=LINE('',#3572,#1231);
#1138=LINE('',#3589,#1232);
#1139=LINE('',#3590,#1233);
#1140=LINE('',#3599,#1234);
#1141=LINE('',#3615,#1235);
#1142=LINE('',#3616,#1236);
#1143=LINE('',#3631,#1237);
#1144=LINE('',#3640,#1238);
#1145=LINE('',#3649,#1239);
#1146=LINE('',#3659,#1240);
#1147=LINE('',#3660,#1241);
#1148=LINE('',#3671,#1242);
#1149=LINE('',#3680,#1243);
#1150=LINE('',#3689,#1244);
#1151=LINE('',#3701,#1245);
#1152=LINE('',#3702,#1246);
#1153=LINE('',#3711,#1247);
#1154=LINE('',#3728,#1248);
#1155=LINE('',#3729,#1249);
#1156=LINE('',#3731,#1250);
#1157=LINE('',#3748,#1251);
#1158=LINE('',#3749,#1252);
#1159=LINE('',#3758,#1253);
#1160=LINE('',#3774,#1254);
#1161=LINE('',#3775,#1255);
#1162=LINE('',#3784,#1256);
#1163=LINE('',#3793,#1257);
#1164=LINE('',#3802,#1258);
#1165=LINE('',#3825,#1259);
#1166=LINE('',#3826,#1260);
#1167=LINE('',#3828,#1261);
#1168=LINE('',#3845,#1262);
#1169=LINE('',#3846,#1263);
#1170=LINE('',#3848,#1264);
#1171=LINE('',#3865,#1265);
#1172=LINE('',#3866,#1266);
#1173=LINE('',#3875,#1267);
#1174=LINE('',#3894,#1268);
#1175=LINE('',#3895,#1269);
#1176=LINE('',#3899,#1270);
#1177=LINE('',#3903,#1271);
#1178=LINE('',#3907,#1272);
#1179=LINE('',#3911,#1273);
#1180=LINE('',#3923,#1274);
#1181=LINE('',#3924,#1275);
#1182=LINE('',#3926,#1276);
#1183=LINE('',#3984,#1277);
#1184=LINE('',#3985,#1278);
#1185=VECTOR('',#2505,1.);
#1186=VECTOR('',#2508,1.);
#1187=VECTOR('',#2555,1.);
#1188=VECTOR('',#2556,1.);
#1189=VECTOR('',#2561,1.);
#1190=VECTOR('',#2566,1.);
#1191=VECTOR('',#2577,1.);
#1192=VECTOR('',#2578,1.);
#1193=VECTOR('',#2581,1.);
#1194=VECTOR('',#2582,1.);
#1195=VECTOR('',#2583,1.);
#1196=VECTOR('',#2584,1.);
#1197=VECTOR('',#2587,1.);
#1198=VECTOR('',#2588,1.);
#1199=VECTOR('',#2589,1.);
#1200=VECTOR('',#2592,1.);
#1201=VECTOR('',#2593,1.);
#1202=VECTOR('',#2596,1.);
#1203=VECTOR('',#2597,1.);
#1204=VECTOR('',#2598,1.);
#1205=VECTOR('',#2601,1.);
#1206=VECTOR('',#2602,1.);
#1207=VECTOR('',#2603,1.);
#1208=VECTOR('',#2606,1.);
#1209=VECTOR('',#2607,1.);
#1210=VECTOR('',#2608,1.);
#1211=VECTOR('',#2609,1.);
#1212=VECTOR('',#2612,1.);
#1213=VECTOR('',#2613,1.);
#1214=VECTOR('',#2614,1.);
#1215=VECTOR('',#2617,1.);
#1216=VECTOR('',#2618,1.);
#1217=VECTOR('',#2843,1.);
#1218=VECTOR('',#2844,1.);
#1219=VECTOR('',#2845,1.);
#1220=VECTOR('',#2846,1.);
#1221=VECTOR('',#2849,1.);
#1222=VECTOR('',#2850,1.);
#1223=VECTOR('',#2851,1.);
#1224=VECTOR('',#2852,1.);
#1225=VECTOR('',#2855,1.);
#1226=VECTOR('',#2856,1.);
#1227=VECTOR('',#2857,1.);
#1228=VECTOR('',#2860,1.);
#1229=VECTOR('',#2863,1.);
#1230=VECTOR('',#2864,1.);
#1231=VECTOR('',#2865,1.);
#1232=VECTOR('',#2866,1.);
#1233=VECTOR('',#2867,1.);
#1234=VECTOR('',#2868,1.);
#1235=VECTOR('',#2871,1.);
#1236=VECTOR('',#2872,1.);
#1237=VECTOR('',#2873,1.);
#1238=VECTOR('',#2874,1.);
#1239=VECTOR('',#2875,1.);
#1240=VECTOR('',#2878,1.);
#1241=VECTOR('',#2879,1.);
#1242=VECTOR('',#2880,1.);
#1243=VECTOR('',#2881,1.);
#1244=VECTOR('',#2882,1.);
#1245=VECTOR('',#2885,1.);
#1246=VECTOR('',#2886,1.);
#1247=VECTOR('',#2887,1.);
#1248=VECTOR('',#2888,1.);
#1249=VECTOR('',#2889,1.);
#1250=VECTOR('',#2892,1.);
#1251=VECTOR('',#2893,1.);
#1252=VECTOR('',#2894,1.);
#1253=VECTOR('',#2895,1.);
#1254=VECTOR('',#2898,1.);
#1255=VECTOR('',#2899,1.);
#1256=VECTOR('',#2900,1.);
#1257=VECTOR('',#2901,1.);
#1258=VECTOR('',#2902,1.);
#1259=VECTOR('',#2903,1.);
#1260=VECTOR('',#2904,1.);
#1261=VECTOR('',#2907,1.);
#1262=VECTOR('',#2908,1.);
#1263=VECTOR('',#2909,1.);
#1264=VECTOR('',#2912,1.);
#1265=VECTOR('',#2913,1.);
#1266=VECTOR('',#2914,1.);
#1267=VECTOR('',#2915,1.);
#1268=VECTOR('',#2920,1.);
#1269=VECTOR('',#2921,1.);
#1270=VECTOR('',#2926,1.);
#1271=VECTOR('',#2931,1.);
#1272=VECTOR('',#2936,1.);
#1273=VECTOR('',#2941,1.);
#1274=VECTOR('',#2948,1.);
#1275=VECTOR('',#2949,1.);
#1276=VECTOR('',#2952,1.);
#1277=VECTOR('',#2963,1.);
#1278=VECTOR('',#2964,1.);
#1279=EDGE_LOOP('',(#225,#226,#227,#228));
#1280=EDGE_LOOP('',(#229,#230,#231,#232,#233,#234,#235,#236,#237,#238,#239,
#240));
#1281=EDGE_LOOP('',(#241));
#1282=EDGE_LOOP('',(#242,#243));
#1283=EDGE_LOOP('',(#244,#245));
#1284=EDGE_LOOP('',(#246));
#1285=EDGE_LOOP('',(#247));
#1286=EDGE_LOOP('',(#248,#249,#250,#251));
#1287=EDGE_LOOP('',(#252));
#1288=EDGE_LOOP('',(#253,#254,#255,#256,#257,#258,#259,#260));
#1289=EDGE_LOOP('',(#261,#262,#263));
#1290=EDGE_LOOP('',(#264,#265,#266,#267));
#1291=EDGE_LOOP('',(#268,#269,#270,#271));
#1292=EDGE_LOOP('',(#272,#273,#274,#275));
#1293=EDGE_LOOP('',(#276,#277,#278,#279));
#1294=EDGE_LOOP('',(#280,#281,#282,#283));
#1295=EDGE_LOOP('',(#284,#285,#286,#287));
#1296=EDGE_LOOP('',(#288,#289,#290,#291));
#1297=EDGE_LOOP('',(#292,#293,#294,#295));
#1298=EDGE_LOOP('',(#296,#297,#298,#299));
#1299=EDGE_LOOP('',(#300,#301,#302,#303));
#1300=EDGE_LOOP('',(#304,#305,#306,#307,#308,#309,#310,#311,#312,#313));
#1301=EDGE_LOOP('',(#314,#315,#316));
#1302=EDGE_LOOP('',(#317,#318,#319));
#1303=EDGE_LOOP('',(#320,#321,#322));
#1304=EDGE_LOOP('',(#323,#324,#325,#326,#327));
#1305=EDGE_LOOP('',(#328,#329,#330));
#1306=EDGE_LOOP('',(#331,#332,#333));
#1307=EDGE_LOOP('',(#334,#335,#336));
#1308=EDGE_LOOP('',(#337,#338,#339,#340,#341));
#1309=EDGE_LOOP('',(#342,#343,#344,#345,#346));
#1310=EDGE_LOOP('',(#347,#348,#349));
#1311=EDGE_LOOP('',(#350,#351,#352));
#1312=EDGE_LOOP('',(#353,#354,#355));
#1313=EDGE_LOOP('',(#356,#357,#358));
#1314=EDGE_LOOP('',(#359,#360,#361,#362,#363,#364));
#1315=EDGE_LOOP('',(#365,#366,#367));
#1316=EDGE_LOOP('',(#368,#369,#370));
#1317=EDGE_LOOP('',(#371,#372,#373));
#1318=EDGE_LOOP('',(#374,#375,#376,#377,#378));
#1319=EDGE_LOOP('',(#379,#380,#381));
#1320=EDGE_LOOP('',(#382,#383,#384,#385,#386,#387,#388,#389,#390,#391,#392,
#393));
#1321=EDGE_LOOP('',(#394,#395,#396,#397,#398));
#1322=EDGE_LOOP('',(#399,#400,#401,#402,#403));
#1323=EDGE_LOOP('',(#404,#405,#406));
#1324=EDGE_LOOP('',(#407,#408,#409));
#1325=EDGE_LOOP('',(#410,#411,#412));
#1326=EDGE_LOOP('',(#413,#414,#415,#416));
#1327=EDGE_LOOP('',(#417,#418,#419,#420));
#1328=EDGE_LOOP('',(#421,#422,#423,#424));
#1329=EDGE_LOOP('',(#425,#426,#427,#428));
#1330=EDGE_LOOP('',(#429,#430,#431,#432));
#1331=EDGE_LOOP('',(#433,#434,#435,#436));
#1332=EDGE_LOOP('',(#437,#438,#439,#440));
#1333=EDGE_LOOP('',(#441,#442,#443,#444));
#1334=EDGE_LOOP('',(#445,#446,#447,#448));
#1335=EDGE_LOOP('',(#449,#450,#451,#452));
#1336=EDGE_LOOP('',(#453,#454,#455,#456));
#1337=EDGE_LOOP('',(#457,#458,#459,#460));
#1338=EDGE_LOOP('',(#461,#462,#463,#464));
#1339=EDGE_LOOP('',(#465,#466,#467,#468));
#1340=EDGE_LOOP('',(#469,#470,#471,#472));
#1341=EDGE_LOOP('',(#473,#474,#475,#476));
#1342=EDGE_LOOP('',(#477,#478,#479,#480));
#1343=EDGE_LOOP('',(#481,#482,#483,#484));
#1344=EDGE_LOOP('',(#485,#486,#487,#488));
#1345=EDGE_LOOP('',(#489,#490,#491,#492));
#1346=EDGE_LOOP('',(#493,#494,#495,#496));
#1347=EDGE_LOOP('',(#497,#498,#499,#500));
#1348=EDGE_LOOP('',(#501,#502,#503,#504));
#1349=EDGE_LOOP('',(#505,#506,#507,#508));
#1350=EDGE_LOOP('',(#509,#510,#511,#512));
#1351=EDGE_LOOP('',(#513,#514,#515,#516));
#1352=EDGE_LOOP('',(#517,#518,#519,#520));
#1353=EDGE_LOOP('',(#521,#522,#523,#524));
#1354=EDGE_LOOP('',(#525,#526,#527,#528));
#1355=EDGE_LOOP('',(#529,#530,#531,#532));
#1356=EDGE_LOOP('',(#533,#534,#535,#536));
#1357=EDGE_LOOP('',(#537,#538,#539,#540));
#1358=EDGE_LOOP('',(#541,#542,#543,#544));
#1359=EDGE_LOOP('',(#545,#546,#547,#548));
#1360=EDGE_LOOP('',(#549,#550,#551,#552));
#1361=EDGE_LOOP('',(#553,#554,#555,#556));
#1362=EDGE_LOOP('',(#557,#558,#559,#560));
#1363=EDGE_LOOP('',(#561,#562,#563,#564));
#1364=EDGE_LOOP('',(#565,#566,#567,#568));
#1365=EDGE_LOOP('',(#569,#570,#571,#572));
#1366=EDGE_LOOP('',(#573,#574,#575,#576));
#1367=EDGE_LOOP('',(#577,#578,#579,#580));
#1368=EDGE_LOOP('',(#581,#582,#583,#584));
#1369=EDGE_LOOP('',(#585,#586,#587,#588));
#1370=EDGE_LOOP('',(#589,#590,#591,#592));
#1371=EDGE_LOOP('',(#593,#594,#595,#596));
#1372=EDGE_LOOP('',(#597,#598,#599,#600));
#1373=EDGE_LOOP('',(#601,#602,#603,#604));
#1374=EDGE_LOOP('',(#605,#606,#607,#608));
#1375=EDGE_LOOP('',(#609,#610,#611,#612));
#1376=EDGE_LOOP('',(#613,#614,#615,#616));
#1377=EDGE_LOOP('',(#617,#618,#619,#620));
#1378=EDGE_LOOP('',(#621,#622,#623,#624));
#1379=EDGE_LOOP('',(#625,#626,#627,#628));
#1380=EDGE_LOOP('',(#629,#630,#631,#632));
#1381=EDGE_LOOP('',(#633,#634,#635,#636,#637,#638,#639,#640,#641,#642));
#1382=EDGE_LOOP('',(#643,#644,#645,#646,#647,#648));
#1383=EDGE_LOOP('',(#649,#650,#651,#652));
#1384=EDGE_LOOP('',(#653,#654,#655,#656));
#1385=EDGE_LOOP('',(#657,#658,#659,#660));
#1386=EDGE_LOOP('',(#661,#662,#663,#664));
#1387=EDGE_LOOP('',(#665,#666,#667,#668));
#1388=EDGE_LOOP('',(#669,#670,#671,#672,#673,#674,#675,#676));
#1389=EDGE_LOOP('',(#677,#678,#679,#680,#681,#682,#683,#684));
#1390=EDGE_LOOP('',(#685,#686,#687,#688));
#1391=EDGE_LOOP('',(#689,#690,#691,#692));
#1392=EDGE_LOOP('',(#693,#694,#695,#696));
#1393=FACE_BOUND('',#1279,.T.);
#1394=FACE_BOUND('',#1280,.T.);
#1395=FACE_BOUND('',#1281,.T.);
#1396=FACE_BOUND('',#1282,.T.);
#1397=FACE_BOUND('',#1283,.T.);
#1398=FACE_BOUND('',#1284,.T.);
#1399=FACE_BOUND('',#1285,.T.);
#1400=FACE_BOUND('',#1286,.T.);
#1401=FACE_BOUND('',#1287,.T.);
#1402=FACE_BOUND('',#1288,.T.);
#1403=FACE_BOUND('',#1289,.T.);
#1404=FACE_BOUND('',#1290,.T.);
#1405=FACE_BOUND('',#1291,.T.);
#1406=FACE_BOUND('',#1292,.T.);
#1407=FACE_BOUND('',#1293,.T.);
#1408=FACE_BOUND('',#1294,.T.);
#1409=FACE_BOUND('',#1295,.T.);
#1410=FACE_BOUND('',#1296,.T.);
#1411=FACE_BOUND('',#1297,.T.);
#1412=FACE_BOUND('',#1298,.T.);
#1413=FACE_BOUND('',#1299,.T.);
#1414=FACE_BOUND('',#1300,.T.);
#1415=FACE_BOUND('',#1301,.T.);
#1416=FACE_BOUND('',#1302,.T.);
#1417=FACE_BOUND('',#1303,.T.);
#1418=FACE_BOUND('',#1304,.T.);
#1419=FACE_BOUND('',#1305,.T.);
#1420=FACE_BOUND('',#1306,.T.);
#1421=FACE_BOUND('',#1307,.T.);
#1422=FACE_BOUND('',#1308,.T.);
#1423=FACE_BOUND('',#1309,.T.);
#1424=FACE_BOUND('',#1310,.T.);
#1425=FACE_BOUND('',#1311,.T.);
#1426=FACE_BOUND('',#1312,.T.);
#1427=FACE_BOUND('',#1313,.T.);
#1428=FACE_BOUND('',#1314,.T.);
#1429=FACE_BOUND('',#1315,.T.);
#1430=FACE_BOUND('',#1316,.T.);
#1431=FACE_BOUND('',#1317,.T.);
#1432=FACE_BOUND('',#1318,.T.);
#1433=FACE_BOUND('',#1319,.T.);
#1434=FACE_BOUND('',#1320,.T.);
#1435=FACE_BOUND('',#1321,.T.);
#1436=FACE_BOUND('',#1322,.T.);
#1437=FACE_BOUND('',#1323,.T.);
#1438=FACE_BOUND('',#1324,.T.);
#1439=FACE_BOUND('',#1325,.T.);
#1440=FACE_BOUND('',#1326,.T.);
#1441=FACE_BOUND('',#1327,.T.);
#1442=FACE_BOUND('',#1328,.T.);
#1443=FACE_BOUND('',#1329,.T.);
#1444=FACE_BOUND('',#1330,.T.);
#1445=FACE_BOUND('',#1331,.T.);
#1446=FACE_BOUND('',#1332,.T.);
#1447=FACE_BOUND('',#1333,.T.);
#1448=FACE_BOUND('',#1334,.T.);
#1449=FACE_BOUND('',#1335,.T.);
#1450=FACE_BOUND('',#1336,.T.);
#1451=FACE_BOUND('',#1337,.T.);
#1452=FACE_BOUND('',#1338,.T.);
#1453=FACE_BOUND('',#1339,.T.);
#1454=FACE_BOUND('',#1340,.T.);
#1455=FACE_BOUND('',#1341,.T.);
#1456=FACE_BOUND('',#1342,.T.);
#1457=FACE_BOUND('',#1343,.T.);
#1458=FACE_BOUND('',#1344,.T.);
#1459=FACE_BOUND('',#1345,.T.);
#1460=FACE_BOUND('',#1346,.T.);
#1461=FACE_BOUND('',#1347,.T.);
#1462=FACE_BOUND('',#1348,.T.);
#1463=FACE_BOUND('',#1349,.T.);
#1464=FACE_BOUND('',#1350,.T.);
#1465=FACE_BOUND('',#1351,.T.);
#1466=FACE_BOUND('',#1352,.T.);
#1467=FACE_BOUND('',#1353,.T.);
#1468=FACE_BOUND('',#1354,.T.);
#1469=FACE_BOUND('',#1355,.T.);
#1470=FACE_BOUND('',#1356,.T.);
#1471=FACE_BOUND('',#1357,.T.);
#1472=FACE_BOUND('',#1358,.T.);
#1473=FACE_BOUND('',#1359,.T.);
#1474=FACE_BOUND('',#1360,.T.);
#1475=FACE_BOUND('',#1361,.T.);
#1476=FACE_BOUND('',#1362,.T.);
#1477=FACE_BOUND('',#1363,.T.);
#1478=FACE_BOUND('',#1364,.T.);
#1479=FACE_BOUND('',#1365,.T.);
#1480=FACE_BOUND('',#1366,.T.);
#1481=FACE_BOUND('',#1367,.T.);
#1482=FACE_BOUND('',#1368,.T.);
#1483=FACE_BOUND('',#1369,.T.);
#1484=FACE_BOUND('',#1370,.T.);
#1485=FACE_BOUND('',#1371,.T.);
#1486=FACE_BOUND('',#1372,.T.);
#1487=FACE_BOUND('',#1373,.T.);
#1488=FACE_BOUND('',#1374,.T.);
#1489=FACE_BOUND('',#1375,.T.);
#1490=FACE_BOUND('',#1376,.T.);
#1491=FACE_BOUND('',#1377,.T.);
#1492=FACE_BOUND('',#1378,.T.);
#1493=FACE_BOUND('',#1379,.T.);
#1494=FACE_BOUND('',#1380,.T.);
#1495=FACE_BOUND('',#1381,.T.);
#1496=FACE_BOUND('',#1382,.T.);
#1497=FACE_BOUND('',#1383,.T.);
#1498=FACE_BOUND('',#1384,.T.);
#1499=FACE_BOUND('',#1385,.T.);
#1500=FACE_BOUND('',#1386,.T.);
#1501=FACE_BOUND('',#1387,.T.);
#1502=FACE_BOUND('',#1388,.T.);
#1503=FACE_BOUND('',#1389,.T.);
#1504=FACE_BOUND('',#1390,.T.);
#1505=FACE_BOUND('',#1391,.T.);
#1506=FACE_BOUND('',#1392,.T.);
#1507=CYLINDRICAL_SURFACE('',#2315,0.03);
#1508=CYLINDRICAL_SURFACE('',#2336,0.0284);
#1509=CYLINDRICAL_SURFACE('',#2338,0.03);
#1510=CYLINDRICAL_SURFACE('',#2469,0.00158427103924093);
#1511=CYLINDRICAL_SURFACE('',#2470,0.00158427103921688);
#1512=CYLINDRICAL_SURFACE('',#2471,0.00158427103924093);
#1513=CYLINDRICAL_SURFACE('',#2472,0.0818190583701563);
#1514=CYLINDRICAL_SURFACE('',#2473,0.00158427103924093);
#1515=CYLINDRICAL_SURFACE('',#2474,0.00158427103921688);
#1516=CYLINDRICAL_SURFACE('',#2475,0.0818131564699536);
#1517=CYLINDRICAL_SURFACE('',#2476,0.0818193897562434);
#1518=CYLINDRICAL_SURFACE('',#2477,0.00158427103924093);
#1519=CYLINDRICAL_SURFACE('',#2478,0.0818197839651917);
#1520=CYLINDRICAL_SURFACE('',#2479,0.0818196642301073);
#1521=CYLINDRICAL_SURFACE('',#2480,0.0924499605342655);
#1522=CYLINDRICAL_SURFACE('',#2482,0.0924425293966311);
#1523=CYLINDRICAL_SURFACE('',#2484,0.0924520685611425);
#1524=CYLINDRICAL_SURFACE('',#2486,0.092450138936251);
#1525=CYLINDRICAL_SURFACE('',#2488,0.092456137473634);
#1526=CYLINDRICAL_SURFACE('',#2490,0.0924524895802142);
#1527=CYLINDRICAL_SURFACE('',#2493,0.0818191289260928);
#1528=CYLINDRICAL_SURFACE('',#2494,0.0064);
#1529=CYLINDRICAL_SURFACE('',#2496,0.004);
#1530=CYLINDRICAL_SURFACE('',#2499,0.0028);
#1531=CYLINDRICAL_SURFACE('',#2500,0.0028);
#1532=OVER_RIDING_STYLED_ITEM('',(#1729),#1630,#1727);
#1533=OVER_RIDING_STYLED_ITEM('',(#1730),#1631,#1727);
#1534=OVER_RIDING_STYLED_ITEM('',(#1731),#1632,#1727);
#1535=OVER_RIDING_STYLED_ITEM('',(#1732),#1633,#1727);
#1536=OVER_RIDING_STYLED_ITEM('',(#1733),#1634,#1727);
#1537=OVER_RIDING_STYLED_ITEM('',(#1734),#1635,#1727);
#1538=OVER_RIDING_STYLED_ITEM('',(#1735),#1636,#1727);
#1539=OVER_RIDING_STYLED_ITEM('',(#1736),#1637,#1727);
#1540=OVER_RIDING_STYLED_ITEM('',(#1737),#1638,#1727);
#1541=OVER_RIDING_STYLED_ITEM('',(#1738),#1639,#1727);
#1542=OVER_RIDING_STYLED_ITEM('',(#1739),#1640,#1727);
#1543=OVER_RIDING_STYLED_ITEM('',(#1740),#1641,#1727);
#1544=OVER_RIDING_STYLED_ITEM('',(#1741),#1642,#1727);
#1545=OVER_RIDING_STYLED_ITEM('',(#1742),#1643,#1727);
#1546=OVER_RIDING_STYLED_ITEM('',(#1743),#1644,#1727);
#1547=OVER_RIDING_STYLED_ITEM('',(#1744),#1645,#1727);
#1548=OVER_RIDING_STYLED_ITEM('',(#1745),#1646,#1727);
#1549=OVER_RIDING_STYLED_ITEM('',(#1746),#1647,#1727);
#1550=OVER_RIDING_STYLED_ITEM('',(#1747),#1648,#1727);
#1551=OVER_RIDING_STYLED_ITEM('',(#1748),#1649,#1727);
#1552=OVER_RIDING_STYLED_ITEM('',(#1749),#1650,#1727);
#1553=OVER_RIDING_STYLED_ITEM('',(#1750),#1651,#1727);
#1554=OVER_RIDING_STYLED_ITEM('',(#1751),#1652,#1727);
#1555=OVER_RIDING_STYLED_ITEM('',(#1752),#1653,#1727);
#1556=OVER_RIDING_STYLED_ITEM('',(#1753),#1654,#1727);
#1557=OVER_RIDING_STYLED_ITEM('',(#1754),#1655,#1727);
#1558=OVER_RIDING_STYLED_ITEM('',(#1755),#1656,#1727);
#1559=OVER_RIDING_STYLED_ITEM('',(#1756),#1657,#1727);
#1560=OVER_RIDING_STYLED_ITEM('',(#1757),#1658,#1727);
#1561=OVER_RIDING_STYLED_ITEM('',(#1758),#1659,#1727);
#1562=OVER_RIDING_STYLED_ITEM('',(#1759),#1660,#1727);
#1563=OVER_RIDING_STYLED_ITEM('',(#1760),#1661,#1727);
#1564=OVER_RIDING_STYLED_ITEM('',(#1761),#1662,#1727);
#1565=OVER_RIDING_STYLED_ITEM('',(#1762),#1663,#1727);
#1566=OVER_RIDING_STYLED_ITEM('',(#1763),#1664,#1727);
#1567=OVER_RIDING_STYLED_ITEM('',(#1764),#1665,#1727);
#1568=OVER_RIDING_STYLED_ITEM('',(#1765),#1666,#1727);
#1569=OVER_RIDING_STYLED_ITEM('',(#1766),#1667,#1727);
#1570=OVER_RIDING_STYLED_ITEM('',(#1767),#1668,#1727);
#1571=OVER_RIDING_STYLED_ITEM('',(#1768),#1669,#1727);
#1572=OVER_RIDING_STYLED_ITEM('',(#1769),#1670,#1727);
#1573=OVER_RIDING_STYLED_ITEM('',(#1770),#1671,#1727);
#1574=OVER_RIDING_STYLED_ITEM('',(#1771),#1672,#1727);
#1575=OVER_RIDING_STYLED_ITEM('',(#1772),#1673,#1727);
#1576=OVER_RIDING_STYLED_ITEM('',(#1773),#1674,#1727);
#1577=OVER_RIDING_STYLED_ITEM('',(#1774),#1675,#1727);
#1578=OVER_RIDING_STYLED_ITEM('',(#1775),#1676,#1727);
#1579=OVER_RIDING_STYLED_ITEM('',(#1776),#1677,#1727);
#1580=OVER_RIDING_STYLED_ITEM('',(#1777),#1678,#1727);
#1581=OVER_RIDING_STYLED_ITEM('',(#1778),#1679,#1727);
#1582=OVER_RIDING_STYLED_ITEM('',(#1779),#1680,#1727);
#1583=OVER_RIDING_STYLED_ITEM('',(#1780),#1681,#1727);
#1584=OVER_RIDING_STYLED_ITEM('',(#1781),#1682,#1727);
#1585=OVER_RIDING_STYLED_ITEM('',(#1782),#1683,#1727);
#1586=OVER_RIDING_STYLED_ITEM('',(#1783),#1684,#1727);
#1587=OVER_RIDING_STYLED_ITEM('',(#1784),#1685,#1727);
#1588=OVER_RIDING_STYLED_ITEM('',(#1785),#1686,#1727);
#1589=OVER_RIDING_STYLED_ITEM('',(#1786),#1687,#1727);
#1590=OVER_RIDING_STYLED_ITEM('',(#1787),#1688,#1727);
#1591=OVER_RIDING_STYLED_ITEM('',(#1788),#1689,#1727);
#1592=OVER_RIDING_STYLED_ITEM('',(#1789),#1690,#1727);
#1593=OVER_RIDING_STYLED_ITEM('',(#1790),#1691,#1727);
#1594=OVER_RIDING_STYLED_ITEM('',(#1791),#1692,#1727);
#1595=OVER_RIDING_STYLED_ITEM('',(#1792),#1693,#1727);
#1596=OVER_RIDING_STYLED_ITEM('',(#1793),#1694,#1727);
#1597=OVER_RIDING_STYLED_ITEM('',(#1794),#1695,#1727);
#1598=OVER_RIDING_STYLED_ITEM('',(#1795),#1696,#1727);
#1599=OVER_RIDING_STYLED_ITEM('',(#1796),#1697,#1727);
#1600=OVER_RIDING_STYLED_ITEM('',(#1797),#1698,#1727);
#1601=OVER_RIDING_STYLED_ITEM('',(#1798),#1699,#1727);
#1602=OVER_RIDING_STYLED_ITEM('',(#1799),#1700,#1727);
#1603=OVER_RIDING_STYLED_ITEM('',(#1800),#1701,#1727);
#1604=OVER_RIDING_STYLED_ITEM('',(#1801),#1702,#1727);
#1605=OVER_RIDING_STYLED_ITEM('',(#1802),#1703,#1727);
#1606=OVER_RIDING_STYLED_ITEM('',(#1803),#1704,#1727);
#1607=OVER_RIDING_STYLED_ITEM('',(#1804),#1705,#1727);
#1608=OVER_RIDING_STYLED_ITEM('',(#1805),#1706,#1727);
#1609=OVER_RIDING_STYLED_ITEM('',(#1806),#1707,#1727);
#1610=OVER_RIDING_STYLED_ITEM('',(#1807),#1708,#1727);
#1611=OVER_RIDING_STYLED_ITEM('',(#1808),#1709,#1727);
#1612=OVER_RIDING_STYLED_ITEM('',(#1809),#1710,#1727);
#1613=OVER_RIDING_STYLED_ITEM('',(#1810),#1711,#1727);
#1614=OVER_RIDING_STYLED_ITEM('',(#1811),#1712,#1727);
#1615=OVER_RIDING_STYLED_ITEM('',(#1812),#1713,#1727);
#1616=OVER_RIDING_STYLED_ITEM('',(#1813),#1714,#1727);
#1617=OVER_RIDING_STYLED_ITEM('',(#1814),#1715,#1727);
#1618=OVER_RIDING_STYLED_ITEM('',(#1815),#1716,#1727);
#1619=OVER_RIDING_STYLED_ITEM('',(#1816),#1717,#1727);
#1620=OVER_RIDING_STYLED_ITEM('',(#1817),#1718,#1727);
#1621=OVER_RIDING_STYLED_ITEM('',(#1818),#1719,#1727);
#1622=OVER_RIDING_STYLED_ITEM('',(#1819),#1720,#1727);
#1623=OVER_RIDING_STYLED_ITEM('',(#1820),#1721,#1727);
#1624=OVER_RIDING_STYLED_ITEM('',(#1821),#1722,#1727);
#1625=OVER_RIDING_STYLED_ITEM('',(#1822),#1723,#1727);
#1626=OVER_RIDING_STYLED_ITEM('',(#1823),#1724,#1727);
#1627=OVER_RIDING_STYLED_ITEM('',(#1824),#1725,#1727);
#1628=DRAUGHTING_PRE_DEFINED_COLOUR('white');
#1629=DRAUGHTING_PRE_DEFINED_COLOUR('red');
#1630=ADVANCED_FACE('Face appearance 3',(#1393),#1507,.T.);
#1631=ADVANCED_FACE('Face appearance 1',(#1394,#1395),#148,.T.);
#1632=ADVANCED_FACE('Face appearance 9',(#1396,#1397),#149,.F.);
#1633=ADVANCED_FACE('Face appearance 3',(#1398,#1399),#1508,.F.);
#1634=ADVANCED_FACE('Face appearance 3',(#1400),#1509,.T.);
#1635=ADVANCED_FACE('Face appearance 3',(#1401,#1402),#150,.T.);
#1636=ADVANCED_FACE('Face appearance 1',(#1403),#151,.T.);
#1637=ADVANCED_FACE('Face appearance 7',(#1404),#20,.F.);
#1638=ADVANCED_FACE('Face appearance 7',(#1405),#152,.F.);
#1639=ADVANCED_FACE('Face appearance 7',(#1406),#153,.F.);
#1640=ADVANCED_FACE('Face appearance 7',(#1407),#154,.F.);
#1641=ADVANCED_FACE('Face appearance 7',(#1408),#155,.F.);
#1642=ADVANCED_FACE('Face appearance 7',(#1409),#156,.F.);
#1643=ADVANCED_FACE('Face appearance 7',(#1410),#157,.F.);
#1644=ADVANCED_FACE('Face appearance 7',(#1411),#21,.T.);
#1645=ADVANCED_FACE('Face appearance 7',(#1412),#158,.T.);
#1646=ADVANCED_FACE('Face appearance 7',(#1413),#159,.T.);
#1647=ADVANCED_FACE('Face appearance 7',(#1414),#160,.T.);
#1648=ADVANCED_FACE('Face appearance 1',(#1415),#161,.T.);
#1649=ADVANCED_FACE('Face appearance 1',(#1416),#162,.T.);
#1650=ADVANCED_FACE('Face appearance 1',(#1417),#163,.T.);
#1651=ADVANCED_FACE('Face appearance 1',(#1418),#164,.T.);
#1652=ADVANCED_FACE('Face appearance 1',(#1419),#165,.T.);
#1653=ADVANCED_FACE('Face appearance 1',(#1420),#166,.T.);
#1654=ADVANCED_FACE('Face appearance 1',(#1421),#167,.T.);
#1655=ADVANCED_FACE('Face appearance 1',(#1422),#168,.T.);
#1656=ADVANCED_FACE('Face appearance 1',(#1423),#169,.T.);
#1657=ADVANCED_FACE('Face appearance 1',(#1424),#170,.T.);
#1658=ADVANCED_FACE('Face appearance 1',(#1425),#171,.T.);
#1659=ADVANCED_FACE('Face appearance 7',(#1426,#1427,#1428,#1429,#1430,
#1431,#1432,#1433,#1434,#1435,#1436,#1437,#1438,#1439),#172,.T.);
#1660=ADVANCED_FACE('Face appearance 7',(#1440),#22,.F.);
#1661=ADVANCED_FACE('Face appearance 7',(#1441),#23,.F.);
#1662=ADVANCED_FACE('Face appearance 7',(#1442),#24,.F.);
#1663=ADVANCED_FACE('Face appearance 7',(#1443),#1510,.T.);
#1664=ADVANCED_FACE('Face appearance 7',(#1444),#25,.F.);
#1665=ADVANCED_FACE('Face appearance 7',(#1445),#26,.F.);
#1666=ADVANCED_FACE('Face appearance 7',(#1446),#1511,.T.);
#1667=ADVANCED_FACE('Face appearance 7',(#1447),#27,.F.);
#1668=ADVANCED_FACE('Face appearance 7',(#1448),#28,.F.);
#1669=ADVANCED_FACE('Face appearance 7',(#1449),#1512,.T.);
#1670=ADVANCED_FACE('Face appearance 7',(#1450),#1513,.T.);
#1671=ADVANCED_FACE('Face appearance 7',(#1451),#29,.T.);
#1672=ADVANCED_FACE('Face appearance 7',(#1452),#30,.T.);
#1673=ADVANCED_FACE('Face appearance 7',(#1453),#31,.F.);
#1674=ADVANCED_FACE('Face appearance 7',(#1454),#32,.F.);
#1675=ADVANCED_FACE('Face appearance 7',(#1455),#33,.T.);
#1676=ADVANCED_FACE('Face appearance 7',(#1456),#1514,.T.);
#1677=ADVANCED_FACE('Face appearance 7',(#1457),#34,.T.);
#1678=ADVANCED_FACE('Face appearance 7',(#1458),#35,.F.);
#1679=ADVANCED_FACE('Face appearance 7',(#1459),#36,.F.);
#1680=ADVANCED_FACE('Face appearance 7',(#1460),#37,.T.);
#1681=ADVANCED_FACE('Face appearance 7',(#1461),#1515,.T.);
#1682=ADVANCED_FACE('Face appearance 7',(#1462),#38,.T.);
#1683=ADVANCED_FACE('Face appearance 7',(#1463),#39,.F.);
#1684=ADVANCED_FACE('Face appearance 7',(#1464),#40,.F.);
#1685=ADVANCED_FACE('Face appearance 7',(#1465),#41,.T.);
#1686=ADVANCED_FACE('Face appearance 7',(#1466),#1516,.T.);
#1687=ADVANCED_FACE('Face appearance 7',(#1467),#42,.T.);
#1688=ADVANCED_FACE('Face appearance 7',(#1468),#43,.T.);
#1689=ADVANCED_FACE('Face appearance 7',(#1469),#44,.T.);
#1690=ADVANCED_FACE('Face appearance 7',(#1470),#1517,.T.);
#1691=ADVANCED_FACE('Face appearance 7',(#1471),#45,.T.);
#1692=ADVANCED_FACE('Face appearance 7',(#1472),#46,.F.);
#1693=ADVANCED_FACE('Face appearance 7',(#1473),#47,.F.);
#1694=ADVANCED_FACE('Face appearance 7',(#1474),#48,.T.);
#1695=ADVANCED_FACE('Face appearance 7',(#1475),#1518,.T.);
#1696=ADVANCED_FACE('Face appearance 7',(#1476),#49,.T.);
#1697=ADVANCED_FACE('Face appearance 7',(#1477),#50,.F.);
#1698=ADVANCED_FACE('Face appearance 7',(#1478),#51,.F.);
#1699=ADVANCED_FACE('Face appearance 7',(#1479),#52,.T.);
#1700=ADVANCED_FACE('Face appearance 7',(#1480),#53,.T.);
#1701=ADVANCED_FACE('Face appearance 7',(#1481),#1519,.T.);
#1702=ADVANCED_FACE('Face appearance 7',(#1482),#54,.T.);
#1703=ADVANCED_FACE('Face appearance 7',(#1483),#55,.T.);
#1704=ADVANCED_FACE('Face appearance 7',(#1484),#1520,.T.);
#1705=ADVANCED_FACE('Face appearance 7',(#1485),#56,.T.);
#1706=ADVANCED_FACE('Face appearance 7',(#1486),#57,.F.);
#1707=ADVANCED_FACE('Face appearance 7',(#1487),#58,.F.);
#1708=ADVANCED_FACE('Face appearance 7',(#1488),#59,.T.);
#1709=ADVANCED_FACE('Face appearance 7',(#1489),#1521,.F.);
#1710=ADVANCED_FACE('Face appearance 7',(#1490),#1522,.F.);
#1711=ADVANCED_FACE('Face appearance 7',(#1491),#1523,.F.);
#1712=ADVANCED_FACE('Face appearance 7',(#1492),#1524,.F.);
#1713=ADVANCED_FACE('Face appearance 7',(#1493),#1525,.F.);
#1714=ADVANCED_FACE('Face appearance 7',(#1494),#1526,.F.);
#1715=ADVANCED_FACE('Face appearance 1',(#1495,#1496),#173,.T.);
#1716=ADVANCED_FACE('Face appearance 7',(#1497),#60,.T.);
#1717=ADVANCED_FACE('Face appearance 7',(#1498),#1527,.T.);
#1718=ADVANCED_FACE('Face appearance 7',(#1499),#61,.T.);
#1719=ADVANCED_FACE('Face appearance 7',(#1500),#62,.F.);
#1720=ADVANCED_FACE('Face appearance 7',(#1501),#63,.F.);
#1721=ADVANCED_FACE('Face appearance 2',(#1502),#1528,.T.);
#1722=ADVANCED_FACE('Face appearance 2',(#1503),#1529,.F.);
#1723=ADVANCED_FACE('Face appearance 2',(#1504),#174,.T.);
#1724=ADVANCED_FACE('Face appearance 8',(#1505),#1530,.T.);
#1725=ADVANCED_FACE('Face appearance 8',(#1506),#1531,.T.);
#1726=CLOSED_SHELL('',(#1630,#1631,#1632,#1633,#1634,#1635,#1636,#1637,
#1638,#1639,#1640,#1641,#1642,#1643,#1644,#1645,#1646,#1647,#1648,#1649,
#1650,#1651,#1652,#1653,#1654,#1655,#1656,#1657,#1658,#1659,#1660,#1661,
#1662,#1663,#1664,#1665,#1666,#1667,#1668,#1669,#1670,#1671,#1672,#1673,
#1674,#1675,#1676,#1677,#1678,#1679,#1680,#1681,#1682,#1683,#1684,#1685,
#1686,#1687,#1688,#1689,#1690,#1691,#1692,#1693,#1694,#1695,#1696,#1697,
#1698,#1699,#1700,#1701,#1702,#1703,#1704,#1705,#1706,#1707,#1708,#1709,
#1710,#1711,#1712,#1713,#1714,#1715,#1716,#1717,#1718,#1719,#1720,#1721,
#1722,#1723,#1724,#1725));
#1727=STYLED_ITEM('',(#1728),#2311);
#1728=PRESENTATION_STYLE_ASSIGNMENT((#1825));
#1729=PRESENTATION_STYLE_ASSIGNMENT((#1826));
#1730=PRESENTATION_STYLE_ASSIGNMENT((#1827));
#1731=PRESENTATION_STYLE_ASSIGNMENT((#1828));
#1732=PRESENTATION_STYLE_ASSIGNMENT((#1829));
#1733=PRESENTATION_STYLE_ASSIGNMENT((#1830));
#1734=PRESENTATION_STYLE_ASSIGNMENT((#1831));
#1735=PRESENTATION_STYLE_ASSIGNMENT((#1832));
#1736=PRESENTATION_STYLE_ASSIGNMENT((#1833));
#1737=PRESENTATION_STYLE_ASSIGNMENT((#1834));
#1738=PRESENTATION_STYLE_ASSIGNMENT((#1835));
#1739=PRESENTATION_STYLE_ASSIGNMENT((#1836));
#1740=PRESENTATION_STYLE_ASSIGNMENT((#1837));
#1741=PRESENTATION_STYLE_ASSIGNMENT((#1838));
#1742=PRESENTATION_STYLE_ASSIGNMENT((#1839));
#1743=PRESENTATION_STYLE_ASSIGNMENT((#1840));
#1744=PRESENTATION_STYLE_ASSIGNMENT((#1841));
#1745=PRESENTATION_STYLE_ASSIGNMENT((#1842));
#1746=PRESENTATION_STYLE_ASSIGNMENT((#1843));
#1747=PRESENTATION_STYLE_ASSIGNMENT((#1844));
#1748=PRESENTATION_STYLE_ASSIGNMENT((#1845));
#1749=PRESENTATION_STYLE_ASSIGNMENT((#1846));
#1750=PRESENTATION_STYLE_ASSIGNMENT((#1847));
#1751=PRESENTATION_STYLE_ASSIGNMENT((#1848));
#1752=PRESENTATION_STYLE_ASSIGNMENT((#1849));
#1753=PRESENTATION_STYLE_ASSIGNMENT((#1850));
#1754=PRESENTATION_STYLE_ASSIGNMENT((#1851));
#1755=PRESENTATION_STYLE_ASSIGNMENT((#1852));
#1756=PRESENTATION_STYLE_ASSIGNMENT((#1853));
#1757=PRESENTATION_STYLE_ASSIGNMENT((#1854));
#1758=PRESENTATION_STYLE_ASSIGNMENT((#1855));
#1759=PRESENTATION_STYLE_ASSIGNMENT((#1856));
#1760=PRESENTATION_STYLE_ASSIGNMENT((#1857));
#1761=PRESENTATION_STYLE_ASSIGNMENT((#1858));
#1762=PRESENTATION_STYLE_ASSIGNMENT((#1859));
#1763=PRESENTATION_STYLE_ASSIGNMENT((#1860));
#1764=PRESENTATION_STYLE_ASSIGNMENT((#1861));
#1765=PRESENTATION_STYLE_ASSIGNMENT((#1862));
#1766=PRESENTATION_STYLE_ASSIGNMENT((#1863));
#1767=PRESENTATION_STYLE_ASSIGNMENT((#1864));
#1768=PRESENTATION_STYLE_ASSIGNMENT((#1865));
#1769=PRESENTATION_STYLE_ASSIGNMENT((#1866));
#1770=PRESENTATION_STYLE_ASSIGNMENT((#1867));
#1771=PRESENTATION_STYLE_ASSIGNMENT((#1868));
#1772=PRESENTATION_STYLE_ASSIGNMENT((#1869));
#1773=PRESENTATION_STYLE_ASSIGNMENT((#1870));
#1774=PRESENTATION_STYLE_ASSIGNMENT((#1871));
#1775=PRESENTATION_STYLE_ASSIGNMENT((#1872));
#1776=PRESENTATION_STYLE_ASSIGNMENT((#1873));
#1777=PRESENTATION_STYLE_ASSIGNMENT((#1874));
#1778=PRESENTATION_STYLE_ASSIGNMENT((#1875));
#1779=PRESENTATION_STYLE_ASSIGNMENT((#1876));
#1780=PRESENTATION_STYLE_ASSIGNMENT((#1877));
#1781=PRESENTATION_STYLE_ASSIGNMENT((#1878));
#1782=PRESENTATION_STYLE_ASSIGNMENT((#1879));
#1783=PRESENTATION_STYLE_ASSIGNMENT((#1880));
#1784=PRESENTATION_STYLE_ASSIGNMENT((#1881));
#1785=PRESENTATION_STYLE_ASSIGNMENT((#1882));
#1786=PRESENTATION_STYLE_ASSIGNMENT((#1883));
#1787=PRESENTATION_STYLE_ASSIGNMENT((#1884));
#1788=PRESENTATION_STYLE_ASSIGNMENT((#1885));
#1789=PRESENTATION_STYLE_ASSIGNMENT((#1886));
#1790=PRESENTATION_STYLE_ASSIGNMENT((#1887));
#1791=PRESENTATION_STYLE_ASSIGNMENT((#1888));
#1792=PRESENTATION_STYLE_ASSIGNMENT((#1889));
#1793=PRESENTATION_STYLE_ASSIGNMENT((#1890));
#1794=PRESENTATION_STYLE_ASSIGNMENT((#1891));
#1795=PRESENTATION_STYLE_ASSIGNMENT((#1892));
#1796=PRESENTATION_STYLE_ASSIGNMENT((#1893));
#1797=PRESENTATION_STYLE_ASSIGNMENT((#1894));
#1798=PRESENTATION_STYLE_ASSIGNMENT((#1895));
#1799=PRESENTATION_STYLE_ASSIGNMENT((#1896));
#1800=PRESENTATION_STYLE_ASSIGNMENT((#1897));
#1801=PRESENTATION_STYLE_ASSIGNMENT((#1898));
#1802=PRESENTATION_STYLE_ASSIGNMENT((#1899));
#1803=PRESENTATION_STYLE_ASSIGNMENT((#1900));
#1804=PRESENTATION_STYLE_ASSIGNMENT((#1901));
#1805=PRESENTATION_STYLE_ASSIGNMENT((#1902));
#1806=PRESENTATION_STYLE_ASSIGNMENT((#1903));
#1807=PRESENTATION_STYLE_ASSIGNMENT((#1904));
#1808=PRESENTATION_STYLE_ASSIGNMENT((#1905));
#1809=PRESENTATION_STYLE_ASSIGNMENT((#1906));
#1810=PRESENTATION_STYLE_ASSIGNMENT((#1907));
#1811=PRESENTATION_STYLE_ASSIGNMENT((#1908));
#1812=PRESENTATION_STYLE_ASSIGNMENT((#1909));
#1813=PRESENTATION_STYLE_ASSIGNMENT((#1910));
#1814=PRESENTATION_STYLE_ASSIGNMENT((#1911));
#1815=PRESENTATION_STYLE_ASSIGNMENT((#1912));
#1816=PRESENTATION_STYLE_ASSIGNMENT((#1913));
#1817=PRESENTATION_STYLE_ASSIGNMENT((#1914));
#1818=PRESENTATION_STYLE_ASSIGNMENT((#1915));
#1819=PRESENTATION_STYLE_ASSIGNMENT((#1916));
#1820=PRESENTATION_STYLE_ASSIGNMENT((#1917));
#1821=PRESENTATION_STYLE_ASSIGNMENT((#1918));
#1822=PRESENTATION_STYLE_ASSIGNMENT((#1919));
#1823=PRESENTATION_STYLE_ASSIGNMENT((#1920));
#1824=PRESENTATION_STYLE_ASSIGNMENT((#1921));
#1825=SURFACE_STYLE_USAGE(.BOTH.,#1922);
#1826=SURFACE_STYLE_USAGE(.BOTH.,#1923);
#1827=SURFACE_STYLE_USAGE(.BOTH.,#1924);
#1828=SURFACE_STYLE_USAGE(.BOTH.,#1925);
#1829=SURFACE_STYLE_USAGE(.BOTH.,#1926);
#1830=SURFACE_STYLE_USAGE(.BOTH.,#1927);
#1831=SURFACE_STYLE_USAGE(.BOTH.,#1928);
#1832=SURFACE_STYLE_USAGE(.BOTH.,#1929);
#1833=SURFACE_STYLE_USAGE(.BOTH.,#1930);
#1834=SURFACE_STYLE_USAGE(.BOTH.,#1931);
#1835=SURFACE_STYLE_USAGE(.BOTH.,#1932);
#1836=SURFACE_STYLE_USAGE(.BOTH.,#1933);
#1837=SURFACE_STYLE_USAGE(.BOTH.,#1934);
#1838=SURFACE_STYLE_USAGE(.BOTH.,#1935);
#1839=SURFACE_STYLE_USAGE(.BOTH.,#1936);
#1840=SURFACE_STYLE_USAGE(.BOTH.,#1937);
#1841=SURFACE_STYLE_USAGE(.BOTH.,#1938);
#1842=SURFACE_STYLE_USAGE(.BOTH.,#1939);
#1843=SURFACE_STYLE_USAGE(.BOTH.,#1940);
#1844=SURFACE_STYLE_USAGE(.BOTH.,#1941);
#1845=SURFACE_STYLE_USAGE(.BOTH.,#1942);
#1846=SURFACE_STYLE_USAGE(.BOTH.,#1943);
#1847=SURFACE_STYLE_USAGE(.BOTH.,#1944);
#1848=SURFACE_STYLE_USAGE(.BOTH.,#1945);
#1849=SURFACE_STYLE_USAGE(.BOTH.,#1946);
#1850=SURFACE_STYLE_USAGE(.BOTH.,#1947);
#1851=SURFACE_STYLE_USAGE(.BOTH.,#1948);
#1852=SURFACE_STYLE_USAGE(.BOTH.,#1949);
#1853=SURFACE_STYLE_USAGE(.BOTH.,#1950);
#1854=SURFACE_STYLE_USAGE(.BOTH.,#1951);
#1855=SURFACE_STYLE_USAGE(.BOTH.,#1952);
#1856=SURFACE_STYLE_USAGE(.BOTH.,#1953);
#1857=SURFACE_STYLE_USAGE(.BOTH.,#1954);
#1858=SURFACE_STYLE_USAGE(.BOTH.,#1955);
#1859=SURFACE_STYLE_USAGE(.BOTH.,#1956);
#1860=SURFACE_STYLE_USAGE(.BOTH.,#1957);
#1861=SURFACE_STYLE_USAGE(.BOTH.,#1958);
#1862=SURFACE_STYLE_USAGE(.BOTH.,#1959);
#1863=SURFACE_STYLE_USAGE(.BOTH.,#1960);
#1864=SURFACE_STYLE_USAGE(.BOTH.,#1961);
#1865=SURFACE_STYLE_USAGE(.BOTH.,#1962);
#1866=SURFACE_STYLE_USAGE(.BOTH.,#1963);
#1867=SURFACE_STYLE_USAGE(.BOTH.,#1964);
#1868=SURFACE_STYLE_USAGE(.BOTH.,#1965);
#1869=SURFACE_STYLE_USAGE(.BOTH.,#1966);
#1870=SURFACE_STYLE_USAGE(.BOTH.,#1967);
#1871=SURFACE_STYLE_USAGE(.BOTH.,#1968);
#1872=SURFACE_STYLE_USAGE(.BOTH.,#1969);
#1873=SURFACE_STYLE_USAGE(.BOTH.,#1970);
#1874=SURFACE_STYLE_USAGE(.BOTH.,#1971);
#1875=SURFACE_STYLE_USAGE(.BOTH.,#1972);
#1876=SURFACE_STYLE_USAGE(.BOTH.,#1973);
#1877=SURFACE_STYLE_USAGE(.BOTH.,#1974);
#1878=SURFACE_STYLE_USAGE(.BOTH.,#1975);
#1879=SURFACE_STYLE_USAGE(.BOTH.,#1976);
#1880=SURFACE_STYLE_USAGE(.BOTH.,#1977);
#1881=SURFACE_STYLE_USAGE(.BOTH.,#1978);
#1882=SURFACE_STYLE_USAGE(.BOTH.,#1979);
#1883=SURFACE_STYLE_USAGE(.BOTH.,#1980);
#1884=SURFACE_STYLE_USAGE(.BOTH.,#1981);
#1885=SURFACE_STYLE_USAGE(.BOTH.,#1982);
#1886=SURFACE_STYLE_USAGE(.BOTH.,#1983);
#1887=SURFACE_STYLE_USAGE(.BOTH.,#1984);
#1888=SURFACE_STYLE_USAGE(.BOTH.,#1985);
#1889=SURFACE_STYLE_USAGE(.BOTH.,#1986);
#1890=SURFACE_STYLE_USAGE(.BOTH.,#1987);
#1891=SURFACE_STYLE_USAGE(.BOTH.,#1988);
#1892=SURFACE_STYLE_USAGE(.BOTH.,#1989);
#1893=SURFACE_STYLE_USAGE(.BOTH.,#1990);
#1894=SURFACE_STYLE_USAGE(.BOTH.,#1991);
#1895=SURFACE_STYLE_USAGE(.BOTH.,#1992);
#1896=SURFACE_STYLE_USAGE(.BOTH.,#1993);
#1897=SURFACE_STYLE_USAGE(.BOTH.,#1994);
#1898=SURFACE_STYLE_USAGE(.BOTH.,#1995);
#1899=SURFACE_STYLE_USAGE(.BOTH.,#1996);
#1900=SURFACE_STYLE_USAGE(.BOTH.,#1997);
#1901=SURFACE_STYLE_USAGE(.BOTH.,#1998);
#1902=SURFACE_STYLE_USAGE(.BOTH.,#1999);
#1903=SURFACE_STYLE_USAGE(.BOTH.,#2000);
#1904=SURFACE_STYLE_USAGE(.BOTH.,#2001);
#1905=SURFACE_STYLE_USAGE(.BOTH.,#2002);
#1906=SURFACE_STYLE_USAGE(.BOTH.,#2003);
#1907=SURFACE_STYLE_USAGE(.BOTH.,#2004);
#1908=SURFACE_STYLE_USAGE(.BOTH.,#2005);
#1909=SURFACE_STYLE_USAGE(.BOTH.,#2006);
#1910=SURFACE_STYLE_USAGE(.BOTH.,#2007);
#1911=SURFACE_STYLE_USAGE(.BOTH.,#2008);
#1912=SURFACE_STYLE_USAGE(.BOTH.,#2009);
#1913=SURFACE_STYLE_USAGE(.BOTH.,#2010);
#1914=SURFACE_STYLE_USAGE(.BOTH.,#2011);
#1915=SURFACE_STYLE_USAGE(.BOTH.,#2012);
#1916=SURFACE_STYLE_USAGE(.BOTH.,#2013);
#1917=SURFACE_STYLE_USAGE(.BOTH.,#2014);
#1918=SURFACE_STYLE_USAGE(.BOTH.,#2015);
#1919=SURFACE_STYLE_USAGE(.BOTH.,#2016);
#1920=SURFACE_STYLE_USAGE(.BOTH.,#2017);
#1921=SURFACE_STYLE_USAGE(.BOTH.,#2018);
#1922=SURFACE_SIDE_STYLE('',(#2019));
#1923=SURFACE_SIDE_STYLE('',(#2020));
#1924=SURFACE_SIDE_STYLE('',(#2021));
#1925=SURFACE_SIDE_STYLE('',(#2022));
#1926=SURFACE_SIDE_STYLE('',(#2023));
#1927=SURFACE_SIDE_STYLE('',(#2024));
#1928=SURFACE_SIDE_STYLE('',(#2025));
#1929=SURFACE_SIDE_STYLE('',(#2026));
#1930=SURFACE_SIDE_STYLE('',(#2027));
#1931=SURFACE_SIDE_STYLE('',(#2028));
#1932=SURFACE_SIDE_STYLE('',(#2029));
#1933=SURFACE_SIDE_STYLE('',(#2030));
#1934=SURFACE_SIDE_STYLE('',(#2031));
#1935=SURFACE_SIDE_STYLE('',(#2032));
#1936=SURFACE_SIDE_STYLE('',(#2033));
#1937=SURFACE_SIDE_STYLE('',(#2034));
#1938=SURFACE_SIDE_STYLE('',(#2035));
#1939=SURFACE_SIDE_STYLE('',(#2036));
#1940=SURFACE_SIDE_STYLE('',(#2037));
#1941=SURFACE_SIDE_STYLE('',(#2038));
#1942=SURFACE_SIDE_STYLE('',(#2039));
#1943=SURFACE_SIDE_STYLE('',(#2040));
#1944=SURFACE_SIDE_STYLE('',(#2041));
#1945=SURFACE_SIDE_STYLE('',(#2042));
#1946=SURFACE_SIDE_STYLE('',(#2043));
#1947=SURFACE_SIDE_STYLE('',(#2044));
#1948=SURFACE_SIDE_STYLE('',(#2045));
#1949=SURFACE_SIDE_STYLE('',(#2046));
#1950=SURFACE_SIDE_STYLE('',(#2047));
#1951=SURFACE_SIDE_STYLE('',(#2048));
#1952=SURFACE_SIDE_STYLE('',(#2049));
#1953=SURFACE_SIDE_STYLE('',(#2050));
#1954=SURFACE_SIDE_STYLE('',(#2051));
#1955=SURFACE_SIDE_STYLE('',(#2052));
#1956=SURFACE_SIDE_STYLE('',(#2053));
#1957=SURFACE_SIDE_STYLE('',(#2054));
#1958=SURFACE_SIDE_STYLE('',(#2055));
#1959=SURFACE_SIDE_STYLE('',(#2056));
#1960=SURFACE_SIDE_STYLE('',(#2057));
#1961=SURFACE_SIDE_STYLE('',(#2058));
#1962=SURFACE_SIDE_STYLE('',(#2059));
#1963=SURFACE_SIDE_STYLE('',(#2060));
#1964=SURFACE_SIDE_STYLE('',(#2061));
#1965=SURFACE_SIDE_STYLE('',(#2062));
#1966=SURFACE_SIDE_STYLE('',(#2063));
#1967=SURFACE_SIDE_STYLE('',(#2064));
#1968=SURFACE_SIDE_STYLE('',(#2065));
#1969=SURFACE_SIDE_STYLE('',(#2066));
#1970=SURFACE_SIDE_STYLE('',(#2067));
#1971=SURFACE_SIDE_STYLE('',(#2068));
#1972=SURFACE_SIDE_STYLE('',(#2069));
#1973=SURFACE_SIDE_STYLE('',(#2070));
#1974=SURFACE_SIDE_STYLE('',(#2071));
#1975=SURFACE_SIDE_STYLE('',(#2072));
#1976=SURFACE_SIDE_STYLE('',(#2073));
#1977=SURFACE_SIDE_STYLE('',(#2074));
#1978=SURFACE_SIDE_STYLE('',(#2075));
#1979=SURFACE_SIDE_STYLE('',(#2076));
#1980=SURFACE_SIDE_STYLE('',(#2077));
#1981=SURFACE_SIDE_STYLE('',(#2078));
#1982=SURFACE_SIDE_STYLE('',(#2079));
#1983=SURFACE_SIDE_STYLE('',(#2080));
#1984=SURFACE_SIDE_STYLE('',(#2081));
#1985=SURFACE_SIDE_STYLE('',(#2082));
#1986=SURFACE_SIDE_STYLE('',(#2083));
#1987=SURFACE_SIDE_STYLE('',(#2084));
#1988=SURFACE_SIDE_STYLE('',(#2085));
#1989=SURFACE_SIDE_STYLE('',(#2086));
#1990=SURFACE_SIDE_STYLE('',(#2087));
#1991=SURFACE_SIDE_STYLE('',(#2088));
#1992=SURFACE_SIDE_STYLE('',(#2089));
#1993=SURFACE_SIDE_STYLE('',(#2090));
#1994=SURFACE_SIDE_STYLE('',(#2091));
#1995=SURFACE_SIDE_STYLE('',(#2092));
#1996=SURFACE_SIDE_STYLE('',(#2093));
#1997=SURFACE_SIDE_STYLE('',(#2094));
#1998=SURFACE_SIDE_STYLE('',(#2095));
#1999=SURFACE_SIDE_STYLE('',(#2096));
#2000=SURFACE_SIDE_STYLE('',(#2097));
#2001=SURFACE_SIDE_STYLE('',(#2098));
#2002=SURFACE_SIDE_STYLE('',(#2099));
#2003=SURFACE_SIDE_STYLE('',(#2100));
#2004=SURFACE_SIDE_STYLE('',(#2101));
#2005=SURFACE_SIDE_STYLE('',(#2102));
#2006=SURFACE_SIDE_STYLE('',(#2103));
#2007=SURFACE_SIDE_STYLE('',(#2104));
#2008=SURFACE_SIDE_STYLE('',(#2105));
#2009=SURFACE_SIDE_STYLE('',(#2106));
#2010=SURFACE_SIDE_STYLE('',(#2107));
#2011=SURFACE_SIDE_STYLE('',(#2108));
#2012=SURFACE_SIDE_STYLE('',(#2109));
#2013=SURFACE_SIDE_STYLE('',(#2110));
#2014=SURFACE_SIDE_STYLE('',(#2111));
#2015=SURFACE_SIDE_STYLE('',(#2112));
#2016=SURFACE_SIDE_STYLE('',(#2113));
#2017=SURFACE_SIDE_STYLE('',(#2114));
#2018=SURFACE_SIDE_STYLE('',(#2115));
#2019=SURFACE_STYLE_FILL_AREA(#2116);
#2020=SURFACE_STYLE_FILL_AREA(#2117);
#2021=SURFACE_STYLE_FILL_AREA(#2118);
#2022=SURFACE_STYLE_FILL_AREA(#2119);
#2023=SURFACE_STYLE_FILL_AREA(#2120);
#2024=SURFACE_STYLE_FILL_AREA(#2121);
#2025=SURFACE_STYLE_FILL_AREA(#2122);
#2026=SURFACE_STYLE_FILL_AREA(#2123);
#2027=SURFACE_STYLE_FILL_AREA(#2124);
#2028=SURFACE_STYLE_FILL_AREA(#2125);
#2029=SURFACE_STYLE_FILL_AREA(#2126);
#2030=SURFACE_STYLE_FILL_AREA(#2127);
#2031=SURFACE_STYLE_FILL_AREA(#2128);
#2032=SURFACE_STYLE_FILL_AREA(#2129);
#2033=SURFACE_STYLE_FILL_AREA(#2130);
#2034=SURFACE_STYLE_FILL_AREA(#2131);
#2035=SURFACE_STYLE_FILL_AREA(#2132);
#2036=SURFACE_STYLE_FILL_AREA(#2133);
#2037=SURFACE_STYLE_FILL_AREA(#2134);
#2038=SURFACE_STYLE_FILL_AREA(#2135);
#2039=SURFACE_STYLE_FILL_AREA(#2136);
#2040=SURFACE_STYLE_FILL_AREA(#2137);
#2041=SURFACE_STYLE_FILL_AREA(#2138);
#2042=SURFACE_STYLE_FILL_AREA(#2139);
#2043=SURFACE_STYLE_FILL_AREA(#2140);
#2044=SURFACE_STYLE_FILL_AREA(#2141);
#2045=SURFACE_STYLE_FILL_AREA(#2142);
#2046=SURFACE_STYLE_FILL_AREA(#2143);
#2047=SURFACE_STYLE_FILL_AREA(#2144);
#2048=SURFACE_STYLE_FILL_AREA(#2145);
#2049=SURFACE_STYLE_FILL_AREA(#2146);
#2050=SURFACE_STYLE_FILL_AREA(#2147);
#2051=SURFACE_STYLE_FILL_AREA(#2148);
#2052=SURFACE_STYLE_FILL_AREA(#2149);
#2053=SURFACE_STYLE_FILL_AREA(#2150);
#2054=SURFACE_STYLE_FILL_AREA(#2151);
#2055=SURFACE_STYLE_FILL_AREA(#2152);
#2056=SURFACE_STYLE_FILL_AREA(#2153);
#2057=SURFACE_STYLE_FILL_AREA(#2154);
#2058=SURFACE_STYLE_FILL_AREA(#2155);
#2059=SURFACE_STYLE_FILL_AREA(#2156);
#2060=SURFACE_STYLE_FILL_AREA(#2157);
#2061=SURFACE_STYLE_FILL_AREA(#2158);
#2062=SURFACE_STYLE_FILL_AREA(#2159);
#2063=SURFACE_STYLE_FILL_AREA(#2160);
#2064=SURFACE_STYLE_FILL_AREA(#2161);
#2065=SURFACE_STYLE_FILL_AREA(#2162);
#2066=SURFACE_STYLE_FILL_AREA(#2163);
#2067=SURFACE_STYLE_FILL_AREA(#2164);
#2068=SURFACE_STYLE_FILL_AREA(#2165);
#2069=SURFACE_STYLE_FILL_AREA(#2166);
#2070=SURFACE_STYLE_FILL_AREA(#2167);
#2071=SURFACE_STYLE_FILL_AREA(#2168);
#2072=SURFACE_STYLE_FILL_AREA(#2169);
#2073=SURFACE_STYLE_FILL_AREA(#2170);
#2074=SURFACE_STYLE_FILL_AREA(#2171);
#2075=SURFACE_STYLE_FILL_AREA(#2172);
#2076=SURFACE_STYLE_FILL_AREA(#2173);
#2077=SURFACE_STYLE_FILL_AREA(#2174);
#2078=SURFACE_STYLE_FILL_AREA(#2175);
#2079=SURFACE_STYLE_FILL_AREA(#2176);
#2080=SURFACE_STYLE_FILL_AREA(#2177);
#2081=SURFACE_STYLE_FILL_AREA(#2178);
#2082=SURFACE_STYLE_FILL_AREA(#2179);
#2083=SURFACE_STYLE_FILL_AREA(#2180);
#2084=SURFACE_STYLE_FILL_AREA(#2181);
#2085=SURFACE_STYLE_FILL_AREA(#2182);
#2086=SURFACE_STYLE_FILL_AREA(#2183);
#2087=SURFACE_STYLE_FILL_AREA(#2184);
#2088=SURFACE_STYLE_FILL_AREA(#2185);
#2089=SURFACE_STYLE_FILL_AREA(#2186);
#2090=SURFACE_STYLE_FILL_AREA(#2187);
#2091=SURFACE_STYLE_FILL_AREA(#2188);
#2092=SURFACE_STYLE_FILL_AREA(#2189);
#2093=SURFACE_STYLE_FILL_AREA(#2190);
#2094=SURFACE_STYLE_FILL_AREA(#2191);
#2095=SURFACE_STYLE_FILL_AREA(#2192);
#2096=SURFACE_STYLE_FILL_AREA(#2193);
#2097=SURFACE_STYLE_FILL_AREA(#2194);
#2098=SURFACE_STYLE_FILL_AREA(#2195);
#2099=SURFACE_STYLE_FILL_AREA(#2196);
#2100=SURFACE_STYLE_FILL_AREA(#2197);
#2101=SURFACE_STYLE_FILL_AREA(#2198);
#2102=SURFACE_STYLE_FILL_AREA(#2199);
#2103=SURFACE_STYLE_FILL_AREA(#2200);
#2104=SURFACE_STYLE_FILL_AREA(#2201);
#2105=SURFACE_STYLE_FILL_AREA(#2202);
#2106=SURFACE_STYLE_FILL_AREA(#2203);
#2107=SURFACE_STYLE_FILL_AREA(#2204);
#2108=SURFACE_STYLE_FILL_AREA(#2205);
#2109=SURFACE_STYLE_FILL_AREA(#2206);
#2110=SURFACE_STYLE_FILL_AREA(#2207);
#2111=SURFACE_STYLE_FILL_AREA(#2208);
#2112=SURFACE_STYLE_FILL_AREA(#2209);
#2113=SURFACE_STYLE_FILL_AREA(#2210);
#2114=SURFACE_STYLE_FILL_AREA(#2211);
#2115=SURFACE_STYLE_FILL_AREA(#2212);
#2116=FILL_AREA_STYLE('',(#2213));
#2117=FILL_AREA_STYLE('',(#2214));
#2118=FILL_AREA_STYLE('',(#2215));
#2119=FILL_AREA_STYLE('',(#2216));
#2120=FILL_AREA_STYLE('',(#2217));
#2121=FILL_AREA_STYLE('',(#2218));
#2122=FILL_AREA_STYLE('',(#2219));
#2123=FILL_AREA_STYLE('',(#2220));
#2124=FILL_AREA_STYLE('',(#2221));
#2125=FILL_AREA_STYLE('',(#2222));
#2126=FILL_AREA_STYLE('',(#2223));
#2127=FILL_AREA_STYLE('',(#2224));
#2128=FILL_AREA_STYLE('',(#2225));
#2129=FILL_AREA_STYLE('',(#2226));
#2130=FILL_AREA_STYLE('',(#2227));
#2131=FILL_AREA_STYLE('',(#2228));
#2132=FILL_AREA_STYLE('',(#2229));
#2133=FILL_AREA_STYLE('',(#2230));
#2134=FILL_AREA_STYLE('',(#2231));
#2135=FILL_AREA_STYLE('',(#2232));
#2136=FILL_AREA_STYLE('',(#2233));
#2137=FILL_AREA_STYLE('',(#2234));
#2138=FILL_AREA_STYLE('',(#2235));
#2139=FILL_AREA_STYLE('',(#2236));
#2140=FILL_AREA_STYLE('',(#2237));
#2141=FILL_AREA_STYLE('',(#2238));
#2142=FILL_AREA_STYLE('',(#2239));
#2143=FILL_AREA_STYLE('',(#2240));
#2144=FILL_AREA_STYLE('',(#2241));
#2145=FILL_AREA_STYLE('',(#2242));
#2146=FILL_AREA_STYLE('',(#2243));
#2147=FILL_AREA_STYLE('',(#2244));
#2148=FILL_AREA_STYLE('',(#2245));
#2149=FILL_AREA_STYLE('',(#2246));
#2150=FILL_AREA_STYLE('',(#2247));
#2151=FILL_AREA_STYLE('',(#2248));
#2152=FILL_AREA_STYLE('',(#2249));
#2153=FILL_AREA_STYLE('',(#2250));
#2154=FILL_AREA_STYLE('',(#2251));
#2155=FILL_AREA_STYLE('',(#2252));
#2156=FILL_AREA_STYLE('',(#2253));
#2157=FILL_AREA_STYLE('',(#2254));
#2158=FILL_AREA_STYLE('',(#2255));
#2159=FILL_AREA_STYLE('',(#2256));
#2160=FILL_AREA_STYLE('',(#2257));
#2161=FILL_AREA_STYLE('',(#2258));
#2162=FILL_AREA_STYLE('',(#2259));
#2163=FILL_AREA_STYLE('',(#2260));
#2164=FILL_AREA_STYLE('',(#2261));
#2165=FILL_AREA_STYLE('',(#2262));
#2166=FILL_AREA_STYLE('',(#2263));
#2167=FILL_AREA_STYLE('',(#2264));
#2168=FILL_AREA_STYLE('',(#2265));
#2169=FILL_AREA_STYLE('',(#2266));
#2170=FILL_AREA_STYLE('',(#2267));
#2171=FILL_AREA_STYLE('',(#2268));
#2172=FILL_AREA_STYLE('',(#2269));
#2173=FILL_AREA_STYLE('',(#2270));
#2174=FILL_AREA_STYLE('',(#2271));
#2175=FILL_AREA_STYLE('',(#2272));
#2176=FILL_AREA_STYLE('',(#2273));
#2177=FILL_AREA_STYLE('',(#2274));
#2178=FILL_AREA_STYLE('',(#2275));
#2179=FILL_AREA_STYLE('',(#2276));
#2180=FILL_AREA_STYLE('',(#2277));
#2181=FILL_AREA_STYLE('',(#2278));
#2182=FILL_AREA_STYLE('',(#2279));
#2183=FILL_AREA_STYLE('',(#2280));
#2184=FILL_AREA_STYLE('',(#2281));
#2185=FILL_AREA_STYLE('',(#2282));
#2186=FILL_AREA_STYLE('',(#2283));
#2187=FILL_AREA_STYLE('',(#2284));
#2188=FILL_AREA_STYLE('',(#2285));
#2189=FILL_AREA_STYLE('',(#2286));
#2190=FILL_AREA_STYLE('',(#2287));
#2191=FILL_AREA_STYLE('',(#2288));
#2192=FILL_AREA_STYLE('',(#2289));
#2193=FILL_AREA_STYLE('',(#2290));
#2194=FILL_AREA_STYLE('',(#2291));
#2195=FILL_AREA_STYLE('',(#2292));
#2196=FILL_AREA_STYLE('',(#2293));
#2197=FILL_AREA_STYLE('',(#2294));
#2198=FILL_AREA_STYLE('',(#2295));
#2199=FILL_AREA_STYLE('',(#2296));
#2200=FILL_AREA_STYLE('',(#2297));
#2201=FILL_AREA_STYLE('',(#2298));
#2202=FILL_AREA_STYLE('',(#2299));
#2203=FILL_AREA_STYLE('',(#2300));
#2204=FILL_AREA_STYLE('',(#2301));
#2205=FILL_AREA_STYLE('',(#2302));
#2206=FILL_AREA_STYLE('',(#2303));
#2207=FILL_AREA_STYLE('',(#2304));
#2208=FILL_AREA_STYLE('',(#2305));
#2209=FILL_AREA_STYLE('',(#2306));
#2210=FILL_AREA_STYLE('',(#2307));
#2211=FILL_AREA_STYLE('',(#2308));
#2212=FILL_AREA_STYLE('',(#2309));
#2213=FILL_AREA_STYLE_COLOUR('',#2310);
#2214=FILL_AREA_STYLE_COLOUR('',#1628);
#2215=FILL_AREA_STYLE_COLOUR('',#1628);
#2216=FILL_AREA_STYLE_COLOUR('',#1628);
#2217=FILL_AREA_STYLE_COLOUR('',#1628);
#2218=FILL_AREA_STYLE_COLOUR('',#1628);
#2219=FILL_AREA_STYLE_COLOUR('',#1628);
#2220=FILL_AREA_STYLE_COLOUR('',#1628);
#2221=FILL_AREA_STYLE_COLOUR('',#1629);
#2222=FILL_AREA_STYLE_COLOUR('',#1629);
#2223=FILL_AREA_STYLE_COLOUR('',#1629);
#2224=FILL_AREA_STYLE_COLOUR('',#1629);
#2225=FILL_AREA_STYLE_COLOUR('',#1629);
#2226=FILL_AREA_STYLE_COLOUR('',#1629);
#2227=FILL_AREA_STYLE_COLOUR('',#1629);
#2228=FILL_AREA_STYLE_COLOUR('',#1629);
#2229=FILL_AREA_STYLE_COLOUR('',#1629);
#2230=FILL_AREA_STYLE_COLOUR('',#1629);
#2231=FILL_AREA_STYLE_COLOUR('',#1629);
#2232=FILL_AREA_STYLE_COLOUR('',#1628);
#2233=FILL_AREA_STYLE_COLOUR('',#1628);
#2234=FILL_AREA_STYLE_COLOUR('',#1628);
#2235=FILL_AREA_STYLE_COLOUR('',#1628);
#2236=FILL_AREA_STYLE_COLOUR('',#1628);
#2237=FILL_AREA_STYLE_COLOUR('',#1628);
#2238=FILL_AREA_STYLE_COLOUR('',#1628);
#2239=FILL_AREA_STYLE_COLOUR('',#1628);
#2240=FILL_AREA_STYLE_COLOUR('',#1628);
#2241=FILL_AREA_STYLE_COLOUR('',#1628);
#2242=FILL_AREA_STYLE_COLOUR('',#1628);
#2243=FILL_AREA_STYLE_COLOUR('',#1629);
#2244=FILL_AREA_STYLE_COLOUR('',#1629);
#2245=FILL_AREA_STYLE_COLOUR('',#1629);
#2246=FILL_AREA_STYLE_COLOUR('',#1629);
#2247=FILL_AREA_STYLE_COLOUR('',#1629);
#2248=FILL_AREA_STYLE_COLOUR('',#1629);
#2249=FILL_AREA_STYLE_COLOUR('',#1629);
#2250=FILL_AREA_STYLE_COLOUR('',#1629);
#2251=FILL_AREA_STYLE_COLOUR('',#1629);
#2252=FILL_AREA_STYLE_COLOUR('',#1629);
#2253=FILL_AREA_STYLE_COLOUR('',#1629);
#2254=FILL_AREA_STYLE_COLOUR('',#1629);
#2255=FILL_AREA_STYLE_COLOUR('',#1629);
#2256=FILL_AREA_STYLE_COLOUR('',#1629);
#2257=FILL_AREA_STYLE_COLOUR('',#1629);
#2258=FILL_AREA_STYLE_COLOUR('',#1629);
#2259=FILL_AREA_STYLE_COLOUR('',#1629);
#2260=FILL_AREA_STYLE_COLOUR('',#1629);
#2261=FILL_AREA_STYLE_COLOUR('',#1629);
#2262=FILL_AREA_STYLE_COLOUR('',#1629);
#2263=FILL_AREA_STYLE_COLOUR('',#1629);
#2264=FILL_AREA_STYLE_COLOUR('',#1629);
#2265=FILL_AREA_STYLE_COLOUR('',#1629);
#2266=FILL_AREA_STYLE_COLOUR('',#1629);
#2267=FILL_AREA_STYLE_COLOUR('',#1629);
#2268=FILL_AREA_STYLE_COLOUR('',#1629);
#2269=FILL_AREA_STYLE_COLOUR('',#1629);
#2270=FILL_AREA_STYLE_COLOUR('',#1629);
#2271=FILL_AREA_STYLE_COLOUR('',#1629);
#2272=FILL_AREA_STYLE_COLOUR('',#1629);
#2273=FILL_AREA_STYLE_COLOUR('',#1629);
#2274=FILL_AREA_STYLE_COLOUR('',#1629);
#2275=FILL_AREA_STYLE_COLOUR('',#1629);
#2276=FILL_AREA_STYLE_COLOUR('',#1629);
#2277=FILL_AREA_STYLE_COLOUR('',#1629);
#2278=FILL_AREA_STYLE_COLOUR('',#1629);
#2279=FILL_AREA_STYLE_COLOUR('',#1629);
#2280=FILL_AREA_STYLE_COLOUR('',#1629);
#2281=FILL_AREA_STYLE_COLOUR('',#1629);
#2282=FILL_AREA_STYLE_COLOUR('',#1629);
#2283=FILL_AREA_STYLE_COLOUR('',#1629);
#2284=FILL_AREA_STYLE_COLOUR('',#1629);
#2285=FILL_AREA_STYLE_COLOUR('',#1629);
#2286=FILL_AREA_STYLE_COLOUR('',#1629);
#2287=FILL_AREA_STYLE_COLOUR('',#1629);
#2288=FILL_AREA_STYLE_COLOUR('',#1629);
#2289=FILL_AREA_STYLE_COLOUR('',#1629);
#2290=FILL_AREA_STYLE_COLOUR('',#1629);
#2291=FILL_AREA_STYLE_COLOUR('',#1629);
#2292=FILL_AREA_STYLE_COLOUR('',#1629);
#2293=FILL_AREA_STYLE_COLOUR('',#1629);
#2294=FILL_AREA_STYLE_COLOUR('',#1629);
#2295=FILL_AREA_STYLE_COLOUR('',#1629);
#2296=FILL_AREA_STYLE_COLOUR('',#1629);
#2297=FILL_AREA_STYLE_COLOUR('',#1629);
#2298=FILL_AREA_STYLE_COLOUR('',#1629);
#2299=FILL_AREA_STYLE_COLOUR('',#1628);
#2300=FILL_AREA_STYLE_COLOUR('',#1629);
#2301=FILL_AREA_STYLE_COLOUR('',#1629);
#2302=FILL_AREA_STYLE_COLOUR('',#1629);
#2303=FILL_AREA_STYLE_COLOUR('',#1629);
#2304=FILL_AREA_STYLE_COLOUR('',#1629);
#2305=FILL_AREA_STYLE_COLOUR('',#1628);
#2306=FILL_AREA_STYLE_COLOUR('',#1628);
#2307=FILL_AREA_STYLE_COLOUR('',#1628);
#2308=FILL_AREA_STYLE_COLOUR('',#1628);
#2309=FILL_AREA_STYLE_COLOUR('',#1628);
#2310=COLOUR_RGB('',0.615686274509804,0.811764705882353,0.929411764705882);
#2311=MANIFOLD_SOLID_BREP('Part 1',#1726);
#2312=SHAPE_DEFINITION_REPRESENTATION(#3994,#2313);
#2313=SHAPE_REPRESENTATION('Part 1',(#2314),#3989);
#2314=AXIS2_PLACEMENT_3D('',#2969,#2501,#2502);
#2315=AXIS2_PLACEMENT_3D('',#2970,#2503,#2504);
#2316=AXIS2_PLACEMENT_3D('',#2974,#2506,#2507);
#2317=AXIS2_PLACEMENT_3D('',#2978,#2509,#2510);
#2318=AXIS2_PLACEMENT_3D('',#2979,#2511,#2512);
#2319=AXIS2_PLACEMENT_3D('',#2980,#2513,#2514);
#2320=AXIS2_PLACEMENT_3D('',#2983,#2515,#2516);
#2321=AXIS2_PLACEMENT_3D('',#2985,#2517,#2518);
#2322=AXIS2_PLACEMENT_3D('',#2987,#2519,#2520);
#2323=AXIS2_PLACEMENT_3D('',#2989,#2521,#2522);
#2324=AXIS2_PLACEMENT_3D('',#2991,#2523,#2524);
#2325=AXIS2_PLACEMENT_3D('',#2993,#2525,#2526);
#2326=AXIS2_PLACEMENT_3D('',#2995,#2527,#2528);
#2327=AXIS2_PLACEMENT_3D('',#2997,#2529,#2530);
#2328=AXIS2_PLACEMENT_3D('',#2999,#2531,#2532);
#2329=AXIS2_PLACEMENT_3D('',#3001,#2533,#2534);
#2330=AXIS2_PLACEMENT_3D('',#3003,#2535,#2536);
#2331=AXIS2_PLACEMENT_3D('',#3004,#2537,#2538);
#2332=AXIS2_PLACEMENT_3D('',#3006,#2539,#2540);
#2333=AXIS2_PLACEMENT_3D('',#3007,#2541,#2542);
#2334=AXIS2_PLACEMENT_3D('',#3010,#2543,#2544);
#2335=AXIS2_PLACEMENT_3D('',#3011,#2545,#2546);
#2336=AXIS2_PLACEMENT_3D('',#3012,#2547,#2548);
#2337=AXIS2_PLACEMENT_3D('',#3013,#2549,#2550);
#2338=AXIS2_PLACEMENT_3D('',#3015,#2551,#2552);
#2339=AXIS2_PLACEMENT_3D('',#3016,#2553,#2554);
#2340=AXIS2_PLACEMENT_3D('',#3021,#2557,#2558);
#2341=AXIS2_PLACEMENT_3D('',#3022,#2559,#2560);
#2342=AXIS2_PLACEMENT_3D('',#3026,#2562,#2563);
#2343=AXIS2_PLACEMENT_3D('',#3027,#2564,#2565);
#2344=AXIS2_PLACEMENT_3D('',#3031,#2567,#2568);
#2345=AXIS2_PLACEMENT_3D('',#3032,#2569,#2570);
#2346=AXIS2_PLACEMENT_3D('',#3033,#2571,#2572);
#2347=AXIS2_PLACEMENT_3D('',#3036,#2573,#2574);
#2348=AXIS2_PLACEMENT_3D('',#3038,#2575,#2576);
#2349=AXIS2_PLACEMENT_3D('',#3129,#2579,#2580);
#2350=AXIS2_PLACEMENT_3D('',#3138,#2585,#2586);
#2351=AXIS2_PLACEMENT_3D('',#3144,#2590,#2591);
#2352=AXIS2_PLACEMENT_3D('',#3147,#2594,#2595);
#2353=AXIS2_PLACEMENT_3D('',#3153,#2599,#2600);
#2354=AXIS2_PLACEMENT_3D('',#3159,#2604,#2605);
#2355=AXIS2_PLACEMENT_3D('',#3236,#2610,#2611);
#2356=AXIS2_PLACEMENT_3D('',#3242,#2615,#2616);
#2357=AXIS2_PLACEMENT_3D('',#3245,#2619,#2620);
#2358=AXIS2_PLACEMENT_3D('',#3246,#2621,#2622);
#2359=AXIS2_PLACEMENT_3D('',#3247,#2623,#2624);
#2360=AXIS2_PLACEMENT_3D('',#3250,#2625,#2626);
#2361=AXIS2_PLACEMENT_3D('',#3252,#2627,#2628);
#2362=AXIS2_PLACEMENT_3D('',#3253,#2629,#2630);
#2363=AXIS2_PLACEMENT_3D('',#3254,#2631,#2632);
#2364=AXIS2_PLACEMENT_3D('',#3257,#2633,#2634);
#2365=AXIS2_PLACEMENT_3D('',#3259,#2635,#2636);
#2366=AXIS2_PLACEMENT_3D('',#3260,#2637,#2638);
#2367=AXIS2_PLACEMENT_3D('',#3261,#2639,#2640);
#2368=AXIS2_PLACEMENT_3D('',#3264,#2641,#2642);
#2369=AXIS2_PLACEMENT_3D('',#3266,#2643,#2644);
#2370=AXIS2_PLACEMENT_3D('',#3267,#2645,#2646);
#2371=AXIS2_PLACEMENT_3D('',#3268,#2647,#2648);
#2372=AXIS2_PLACEMENT_3D('',#3271,#2649,#2650);
#2373=AXIS2_PLACEMENT_3D('',#3273,#2651,#2652);
#2374=AXIS2_PLACEMENT_3D('',#3275,#2653,#2654);
#2375=AXIS2_PLACEMENT_3D('',#3277,#2655,#2656);
#2376=AXIS2_PLACEMENT_3D('',#3278,#2657,#2658);
#2377=AXIS2_PLACEMENT_3D('',#3279,#2659,#2660);
#2378=AXIS2_PLACEMENT_3D('',#3282,#2661,#2662);
#2379=AXIS2_PLACEMENT_3D('',#3284,#2663,#2664);
#2380=AXIS2_PLACEMENT_3D('',#3285,#2665,#2666);
#2381=AXIS2_PLACEMENT_3D('',#3286,#2667,#2668);
#2382=AXIS2_PLACEMENT_3D('',#3289,#2669,#2670);
#2383=AXIS2_PLACEMENT_3D('',#3291,#2671,#2672);
#2384=AXIS2_PLACEMENT_3D('',#3292,#2673,#2674);
#2385=AXIS2_PLACEMENT_3D('',#3293,#2675,#2676);
#2386=AXIS2_PLACEMENT_3D('',#3296,#2677,#2678);
#2387=AXIS2_PLACEMENT_3D('',#3298,#2679,#2680);
#2388=AXIS2_PLACEMENT_3D('',#3299,#2681,#2682);
#2389=AXIS2_PLACEMENT_3D('',#3300,#2683,#2684);
#2390=AXIS2_PLACEMENT_3D('',#3303,#2685,#2686);
#2391=AXIS2_PLACEMENT_3D('',#3305,#2687,#2688);
#2392=AXIS2_PLACEMENT_3D('',#3307,#2689,#2690);
#2393=AXIS2_PLACEMENT_3D('',#3309,#2691,#2692);
#2394=AXIS2_PLACEMENT_3D('',#3310,#2693,#2694);
#2395=AXIS2_PLACEMENT_3D('',#3311,#2695,#2696);
#2396=AXIS2_PLACEMENT_3D('',#3314,#2697,#2698);
#2397=AXIS2_PLACEMENT_3D('',#3316,#2699,#2700);
#2398=AXIS2_PLACEMENT_3D('',#3318,#2701,#2702);
#2399=AXIS2_PLACEMENT_3D('',#3320,#2703,#2704);
#2400=AXIS2_PLACEMENT_3D('',#3321,#2705,#2706);
#2401=AXIS2_PLACEMENT_3D('',#3322,#2707,#2708);
#2402=AXIS2_PLACEMENT_3D('',#3325,#2709,#2710);
#2403=AXIS2_PLACEMENT_3D('',#3327,#2711,#2712);
#2404=AXIS2_PLACEMENT_3D('',#3328,#2713,#2714);
#2405=AXIS2_PLACEMENT_3D('',#3329,#2715,#2716);
#2406=AXIS2_PLACEMENT_3D('',#3332,#2717,#2718);
#2407=AXIS2_PLACEMENT_3D('',#3334,#2719,#2720);
#2408=AXIS2_PLACEMENT_3D('',#3335,#2721,#2722);
#2409=AXIS2_PLACEMENT_3D('',#3336,#2723,#2724);
#2410=AXIS2_PLACEMENT_3D('',#3339,#2725,#2726);
#2411=AXIS2_PLACEMENT_3D('',#3341,#2727,#2728);
#2412=AXIS2_PLACEMENT_3D('',#3342,#2729,#2730);
#2413=AXIS2_PLACEMENT_3D('',#3345,#2731,#2732);
#2414=AXIS2_PLACEMENT_3D('',#3347,#2733,#2734);
#2415=AXIS2_PLACEMENT_3D('',#3348,#2735,#2736);
#2416=AXIS2_PLACEMENT_3D('',#3351,#2737,#2738);
#2417=AXIS2_PLACEMENT_3D('',#3353,#2739,#2740);
#2418=AXIS2_PLACEMENT_3D('',#3355,#2741,#2742);
#2419=AXIS2_PLACEMENT_3D('',#3357,#2743,#2744);
#2420=AXIS2_PLACEMENT_3D('',#3359,#2745,#2746);
#2421=AXIS2_PLACEMENT_3D('',#3360,#2747,#2748);
#2422=AXIS2_PLACEMENT_3D('',#3363,#2749,#2750);
#2423=AXIS2_PLACEMENT_3D('',#3365,#2751,#2752);
#2424=AXIS2_PLACEMENT_3D('',#3366,#2753,#2754);
#2425=AXIS2_PLACEMENT_3D('',#3369,#2755,#2756);
#2426=AXIS2_PLACEMENT_3D('',#3371,#2757,#2758);
#2427=AXIS2_PLACEMENT_3D('',#3372,#2759,#2760);
#2428=AXIS2_PLACEMENT_3D('',#3375,#2761,#2762);
#2429=AXIS2_PLACEMENT_3D('',#3377,#2763,#2764);
#2430=AXIS2_PLACEMENT_3D('',#3378,#2765,#2766);
#2431=AXIS2_PLACEMENT_3D('',#3381,#2767,#2768);
#2432=AXIS2_PLACEMENT_3D('',#3383,#2769,#2770);
#2433=AXIS2_PLACEMENT_3D('',#3385,#2771,#2772);
#2434=AXIS2_PLACEMENT_3D('',#3387,#2773,#2774);
#2435=AXIS2_PLACEMENT_3D('',#3388,#2775,#2776);
#2436=AXIS2_PLACEMENT_3D('',#3391,#2777,#2778);
#2437=AXIS2_PLACEMENT_3D('',#3393,#2779,#2780);
#2438=AXIS2_PLACEMENT_3D('',#3394,#2781,#2782);
#2439=AXIS2_PLACEMENT_3D('',#3397,#2783,#2784);
#2440=AXIS2_PLACEMENT_3D('',#3399,#2785,#2786);
#2441=AXIS2_PLACEMENT_3D('',#3401,#2787,#2788);
#2442=AXIS2_PLACEMENT_3D('',#3403,#2789,#2790);
#2443=AXIS2_PLACEMENT_3D('',#3405,#2791,#2792);
#2444=AXIS2_PLACEMENT_3D('',#3407,#2793,#2794);
#2445=AXIS2_PLACEMENT_3D('',#3409,#2795,#2796);
#2446=AXIS2_PLACEMENT_3D('',#3411,#2797,#2798);
#2447=AXIS2_PLACEMENT_3D('',#3413,#2799,#2800);
#2448=AXIS2_PLACEMENT_3D('',#3415,#2801,#2802);
#2449=AXIS2_PLACEMENT_3D('',#3417,#2803,#2804);
#2450=AXIS2_PLACEMENT_3D('',#3418,#2805,#2806);
#2451=AXIS2_PLACEMENT_3D('',#3421,#2807,#2808);
#2452=AXIS2_PLACEMENT_3D('',#3423,#2809,#2810);
#2453=AXIS2_PLACEMENT_3D('',#3425,#2811,#2812);
#2454=AXIS2_PLACEMENT_3D('',#3427,#2813,#2814);
#2455=AXIS2_PLACEMENT_3D('',#3428,#2815,#2816);
#2456=AXIS2_PLACEMENT_3D('',#3431,#2817,#2818);
#2457=AXIS2_PLACEMENT_3D('',#3433,#2819,#2820);
#2458=AXIS2_PLACEMENT_3D('',#3435,#2821,#2822);
#2459=AXIS2_PLACEMENT_3D('',#3437,#2823,#2824);
#2460=AXIS2_PLACEMENT_3D('',#3438,#2825,#2826);
#2461=AXIS2_PLACEMENT_3D('',#3441,#2827,#2828);
#2462=AXIS2_PLACEMENT_3D('',#3443,#2829,#2830);
#2463=AXIS2_PLACEMENT_3D('',#3444,#2831,#2832);
#2464=AXIS2_PLACEMENT_3D('',#3447,#2833,#2834);
#2465=AXIS2_PLACEMENT_3D('',#3449,#2835,#2836);
#2466=AXIS2_PLACEMENT_3D('',#3450,#2837,#2838);
#2467=AXIS2_PLACEMENT_3D('',#3453,#2839,#2840);
#2468=AXIS2_PLACEMENT_3D('',#3455,#2841,#2842);
#2469=AXIS2_PLACEMENT_3D('',#3502,#2847,#2848);
#2470=AXIS2_PLACEMENT_3D('',#3531,#2853,#2854);
#2471=AXIS2_PLACEMENT_3D('',#3559,#2858,#2859);
#2472=AXIS2_PLACEMENT_3D('',#3561,#2861,#2862);
#2473=AXIS2_PLACEMENT_3D('',#3614,#2869,#2870);
#2474=AXIS2_PLACEMENT_3D('',#3658,#2876,#2877);
#2475=AXIS2_PLACEMENT_3D('',#3700,#2883,#2884);
#2476=AXIS2_PLACEMENT_3D('',#3730,#2890,#2891);
#2477=AXIS2_PLACEMENT_3D('',#3773,#2896,#2897);
#2478=AXIS2_PLACEMENT_3D('',#3827,#2905,#2906);
#2479=AXIS2_PLACEMENT_3D('',#3847,#2910,#2911);
#2480=AXIS2_PLACEMENT_3D('',#3890,#2916,#2917);
#2481=AXIS2_PLACEMENT_3D('',#3891,#2918,#2919);
#2482=AXIS2_PLACEMENT_3D('',#3896,#2922,#2923);
#2483=AXIS2_PLACEMENT_3D('',#3897,#2924,#2925);
#2484=AXIS2_PLACEMENT_3D('',#3900,#2927,#2928);
#2485=AXIS2_PLACEMENT_3D('',#3901,#2929,#2930);
#2486=AXIS2_PLACEMENT_3D('',#3904,#2932,#2933);
#2487=AXIS2_PLACEMENT_3D('',#3905,#2934,#2935);
#2488=AXIS2_PLACEMENT_3D('',#3908,#2937,#2938);
#2489=AXIS2_PLACEMENT_3D('',#3909,#2939,#2940);
#2490=AXIS2_PLACEMENT_3D('',#3912,#2942,#2943);
#2491=AXIS2_PLACEMENT_3D('',#3913,#2944,#2945);
#2492=AXIS2_PLACEMENT_3D('',#3914,#2946,#2947);
#2493=AXIS2_PLACEMENT_3D('',#3925,#2950,#2951);
#2494=AXIS2_PLACEMENT_3D('',#3951,#2953,#2954);
#2495=AXIS2_PLACEMENT_3D('',#3958,#2955,#2956);
#2496=AXIS2_PLACEMENT_3D('',#3965,#2957,#2958);
#2497=AXIS2_PLACEMENT_3D('',#3966,#2959,#2960);
#2498=AXIS2_PLACEMENT_3D('',#3983,#2961,#2962);
#2499=AXIS2_PLACEMENT_3D('',#3986,#2965,#2966);
#2500=AXIS2_PLACEMENT_3D('',#3987,#2967,#2968);
#2501=DIRECTION('',(0.,0.,1.));
#2502=DIRECTION('',(1.,0.,0.));
#2503=DIRECTION('',(0.,0.,-1.));
#2504=DIRECTION('',(-1.,0.,0.));
#2505=DIRECTION('',(0.,0.,-1.));
#2506=DIRECTION('',(0.,0.,1.));
#2507=DIRECTION('',(1.,0.,0.));
#2508=DIRECTION('',(0.,0.,-1.));
#2509=DIRECTION('',(0.,0.,1.));
#2510=DIRECTION('',(1.,0.,0.));
#2511=DIRECTION('',(0.,0.,1.));
#2512=DIRECTION('',(1.,0.,0.));
#2513=DIRECTION('',(0.,0.,1.));
#2514=DIRECTION('',(1.,0.,0.));
#2515=DIRECTION('',(0.,0.,1.));
#2516=DIRECTION('',(0.866027505441729,-0.499996359805125,0.));
#2517=DIRECTION('',(0.,0.,1.));
#2518=DIRECTION('',(0.,-1.,0.));
#2519=DIRECTION('',(0.,0.,1.));
#2520=DIRECTION('',(0.866027355235278,0.499996619972764,0.));
#2521=DIRECTION('',(0.,0.,1.));
#2522=DIRECTION('',(0.866027505441729,-0.499996359805125,0.));
#2523=DIRECTION('',(0.,0.,1.));
#2524=DIRECTION('',(0.,-1.,0.));
#2525=DIRECTION('',(0.,0.,1.));
#2526=DIRECTION('',(1.,0.,0.));
#2527=DIRECTION('',(0.,0.,1.));
#2528=DIRECTION('',(0.,-1.,0.));
#2529=DIRECTION('',(0.,0.,1.));
#2530=DIRECTION('',(0.866027355235278,0.499996619972764,0.));
#2531=DIRECTION('',(0.,0.,-1.));
#2532=DIRECTION('',(1.,0.,0.));
#2533=DIRECTION('',(0.,0.,1.));
#2534=DIRECTION('',(0.866027355235278,0.499996619972764,0.));
#2535=DIRECTION('',(0.,0.,1.));
#2536=DIRECTION('',(0.866027505441729,-0.499996359805125,0.));
#2537=DIRECTION('',(0.,0.,1.));
#2538=DIRECTION('',(1.,0.,0.));
#2539=DIRECTION('',(0.,0.,1.));
#2540=DIRECTION('',(1.,0.,0.));
#2541=DIRECTION('',(0.,0.,1.));
#2542=DIRECTION('',(1.,0.,0.));
#2543=DIRECTION('',(0.,0.,1.));
#2544=DIRECTION('',(1.,0.,0.));
#2545=DIRECTION('',(0.,0.,1.));
#2546=DIRECTION('',(1.,0.,0.));
#2547=DIRECTION('',(0.,0.,-1.));
#2548=DIRECTION('',(-1.,0.,0.));
#2549=DIRECTION('',(0.,0.,1.));
#2550=DIRECTION('',(1.,0.,0.));
#2551=DIRECTION('',(0.,0.,-1.));
#2552=DIRECTION('',(-1.,0.,0.));
#2553=DIRECTION('',(0.,0.,1.));
#2554=DIRECTION('',(1.,0.,0.));
#2555=DIRECTION('',(0.,0.,-1.));
#2556=DIRECTION('',(0.,0.,-1.));
#2557=DIRECTION('',(0.,0.,1.));
#2558=DIRECTION('',(1.,0.,0.));
#2559=DIRECTION('',(0.,0.,1.));
#2560=DIRECTION('',(1.,0.,0.));
#2561=DIRECTION('',(-1.,0.,0.));
#2562=DIRECTION('',(0.,0.,1.));
#2563=DIRECTION('',(1.,0.,0.));
#2564=DIRECTION('',(0.,0.,1.));
#2565=DIRECTION('',(1.,0.,0.));
#2566=DIRECTION('',(0.,1.,0.));
#2567=DIRECTION('',(0.,0.,1.));
#2568=DIRECTION('',(1.,0.,0.));
#2569=DIRECTION('',(0.,0.,1.));
#2570=DIRECTION('',(1.,0.,0.));
#2571=DIRECTION('',(0.,0.,1.));
#2572=DIRECTION('',(1.,0.,0.));
#2573=DIRECTION('',(0.,0.,1.));
#2574=DIRECTION('',(0.866025551145605,0.499999744762887,0.));
#2575=DIRECTION('',(0.,0.,1.));
#2576=DIRECTION('',(0.86602505176708,-0.500000609711455,0.));
#2577=DIRECTION('',(0.,0.,-1.));
#2578=DIRECTION('',(0.,0.,-1.));
#2579=DIRECTION('',(0.999996380165029,-0.00269066104119471,0.));
#2580=DIRECTION('',(0.00269066104119471,0.999996380165029,0.));
#2581=DIRECTION('',(-0.00269066104119471,-0.999996380165029,0.));
#2582=DIRECTION('',(0.,0.,-1.));
#2583=DIRECTION('',(-0.00269066104119471,-0.999996380165029,0.));
#2584=DIRECTION('',(0.,0.,-1.));
#2585=DIRECTION('',(0.00269066104119499,0.999996380165029,0.));
#2586=DIRECTION('',(-0.999996380165029,0.00269066104119499,0.));
#2587=DIRECTION('',(0.999996380165029,-0.00269066104119499,0.));
#2588=DIRECTION('',(0.,0.,-1.));
#2589=DIRECTION('',(0.999996380165029,-0.00269066104119499,0.));
#2590=DIRECTION('',(-0.999996380165029,0.00269066104119498,0.));
#2591=DIRECTION('',(-0.00269066104119498,-0.999996380165029,0.));
#2592=DIRECTION('',(0.00269066104119498,0.999996380165029,0.));
#2593=DIRECTION('',(0.00269066104119498,0.999996380165029,0.));
#2594=DIRECTION('',(1.,0.,0.));
#2595=DIRECTION('',(0.,0.,-1.));
#2596=DIRECTION('',(0.,-1.,0.));
#2597=DIRECTION('',(0.,0.,-1.));
#2598=DIRECTION('',(0.,-1.,0.));
#2599=DIRECTION('',(0.00269066104119514,0.999996380165029,0.));
#2600=DIRECTION('',(-0.999996380165029,0.00269066104119514,0.));
#2601=DIRECTION('',(0.999996380165029,-0.00269066104119514,0.));
#2602=DIRECTION('',(0.,0.,-1.));
#2603=DIRECTION('',(0.999996380165029,-0.00269066104119514,0.));
#2604=DIRECTION('',(-1.,0.,0.));
#2605=DIRECTION('',(0.,0.,1.));
#2606=DIRECTION('',(-1.54869709564276E-15,-1.,0.));
#2607=DIRECTION('',(0.,0.,-1.));
#2608=DIRECTION('',(0.,1.,0.));
#2609=DIRECTION('',(0.,0.,-1.));
#2610=DIRECTION('',(1.,0.,0.));
#2611=DIRECTION('',(0.,0.,-1.));
#2612=DIRECTION('',(0.,-1.,0.));
#2613=DIRECTION('',(0.,0.,-1.));
#2614=DIRECTION('',(0.,-1.,0.));
#2615=DIRECTION('',(-0.146853434031737,0.989158262824047,0.));
#2616=DIRECTION('',(-0.989158262824047,-0.146853434031737,0.));
#2617=DIRECTION('',(0.989158262824047,0.146853434031737,0.));
#2618=DIRECTION('',(0.989158262824047,0.146853434031737,0.));
#2619=DIRECTION('',(0.,0.,1.));
#2620=DIRECTION('',(1.,0.,0.));
#2621=DIRECTION('',(0.,0.,1.));
#2622=DIRECTION('',(1.,0.,0.));
#2623=DIRECTION('',(0.,0.,1.));
#2624=DIRECTION('',(0.866027505441729,-0.499996359805125,0.));
#2625=DIRECTION('',(0.,0.,1.));
#2626=DIRECTION('',(0.866025551145604,0.499999744762887,0.));
#2627=DIRECTION('',(0.,0.,1.));
#2628=DIRECTION('',(0.,-1.,0.));
#2629=DIRECTION('',(0.,0.,1.));
#2630=DIRECTION('',(1.,0.,0.));
#2631=DIRECTION('',(0.,0.,1.));
#2632=DIRECTION('',(1.,0.,0.));
#2633=DIRECTION('',(0.,0.,1.));
#2634=DIRECTION('',(0.86602505176708,-0.500000609711455,0.));
#2635=DIRECTION('',(0.,0.,1.));
#2636=DIRECTION('',(0.,-1.,0.));
#2637=DIRECTION('',(0.,0.,1.));
#2638=DIRECTION('',(1.,0.,0.));
#2639=DIRECTION('',(0.,0.,1.));
#2640=DIRECTION('',(1.,0.,0.));
#2641=DIRECTION('',(0.,0.,1.));
#2642=DIRECTION('',(0.86602505176708,-0.500000609711455,0.));
#2643=DIRECTION('',(0.,0.,1.));
#2644=DIRECTION('',(0.,-1.,0.));
#2645=DIRECTION('',(0.,0.,1.));
#2646=DIRECTION('',(1.,0.,0.));
#2647=DIRECTION('',(0.,0.,1.));
#2648=DIRECTION('',(0.866027355235278,0.499996619972764,0.));
#2649=DIRECTION('',(0.,0.,1.));
#2650=DIRECTION('',(0.,-1.,0.));
#2651=DIRECTION('',(0.,0.,1.));
#2652=DIRECTION('',(1.,0.,0.));
#2653=DIRECTION('',(0.,0.,1.));
#2654=DIRECTION('',(0.,-1.,0.));
#2655=DIRECTION('',(0.,0.,1.));
#2656=DIRECTION('',(0.866027505441729,-0.499996359805125,0.));
#2657=DIRECTION('',(0.,0.,1.));
#2658=DIRECTION('',(1.,0.,0.));
#2659=DIRECTION('',(0.,0.,1.));
#2660=DIRECTION('',(0.866027355235278,0.499996619972764,0.));
#2661=DIRECTION('',(0.,0.,1.));
#2662=DIRECTION('',(0.,-1.,0.));
#2663=DIRECTION('',(0.,0.,1.));
#2664=DIRECTION('',(0.866027505441729,-0.499996359805125,0.));
#2665=DIRECTION('',(0.,0.,1.));
#2666=DIRECTION('',(1.,0.,0.));
#2667=DIRECTION('',(0.,0.,1.));
#2668=DIRECTION('',(1.,0.,0.));
#2669=DIRECTION('',(0.,0.,1.));
#2670=DIRECTION('',(0.,-1.,0.));
#2671=DIRECTION('',(0.,0.,1.));
#2672=DIRECTION('',(0.866025551145604,0.499999744762887,0.));
#2673=DIRECTION('',(0.,0.,1.));
#2674=DIRECTION('',(1.,0.,0.));
#2675=DIRECTION('',(0.,0.,1.));
#2676=DIRECTION('',(0.866025551145605,0.499999744762887,0.));
#2677=DIRECTION('',(0.,0.,1.));
#2678=DIRECTION('',(0.86602505176708,-0.500000609711455,0.));
#2679=DIRECTION('',(0.,0.,1.));
#2680=DIRECTION('',(1.,0.,0.));
#2681=DIRECTION('',(0.,0.,1.));
#2682=DIRECTION('',(1.,0.,0.));
#2683=DIRECTION('',(0.,0.,1.));
#2684=DIRECTION('',(0.866027505441729,-0.499996359805125,0.));
#2685=DIRECTION('',(0.,0.,1.));
#2686=DIRECTION('',(0.866025551145605,0.499999744762887,0.));
#2687=DIRECTION('',(0.,0.,-1.));
#2688=DIRECTION('',(1.,0.,0.));
#2689=DIRECTION('',(0.,0.,1.));
#2690=DIRECTION('',(0.866025551145605,0.499999744762887,0.));
#2691=DIRECTION('',(0.,0.,1.));
#2692=DIRECTION('',(0.,-1.,0.));
#2693=DIRECTION('',(0.,0.,1.));
#2694=DIRECTION('',(1.,0.,0.));
#2695=DIRECTION('',(0.,0.,1.));
#2696=DIRECTION('',(0.,-1.,0.));
#2697=DIRECTION('',(0.,0.,1.));
#2698=DIRECTION('',(0.86602505176708,-0.500000609711455,0.));
#2699=DIRECTION('',(0.,0.,1.));
#2700=DIRECTION('',(1.,0.,0.));
#2701=DIRECTION('',(0.,0.,1.));
#2702=DIRECTION('',(0.86602505176708,-0.500000609711455,0.));
#2703=DIRECTION('',(0.,0.,1.));
#2704=DIRECTION('',(0.866027355235278,0.499996619972764,0.));
#2705=DIRECTION('',(0.,0.,1.));
#2706=DIRECTION('',(1.,0.,0.));
#2707=DIRECTION('',(0.,0.,1.));
#2708=DIRECTION('',(0.,-1.,0.));
#2709=DIRECTION('',(0.,0.,1.));
#2710=DIRECTION('',(0.86602505176708,-0.500000609711455,0.));
#2711=DIRECTION('',(0.,0.,1.));
#2712=DIRECTION('',(0.866027355235278,0.499996619972764,0.));
#2713=DIRECTION('',(0.,0.,1.));
#2714=DIRECTION('',(1.,0.,0.));
#2715=DIRECTION('',(0.,0.,1.));
#2716=DIRECTION('',(0.,-1.,0.));
#2717=DIRECTION('',(0.,0.,1.));
#2718=DIRECTION('',(0.866025551145605,0.499999744762887,0.));
#2719=DIRECTION('',(0.,0.,1.));
#2720=DIRECTION('',(1.,0.,0.));
#2721=DIRECTION('',(0.,0.,1.));
#2722=DIRECTION('',(1.,0.,0.));
#2723=DIRECTION('',(0.,0.,1.));
#2724=DIRECTION('',(0.,-1.,0.));
#2725=DIRECTION('',(0.,0.,1.));
#2726=DIRECTION('',(1.,0.,0.));
#2727=DIRECTION('',(0.,0.,1.));
#2728=DIRECTION('',(0.866025551145604,0.499999744762887,0.));
#2729=DIRECTION('',(0.,0.,1.));
#2730=DIRECTION('',(0.,-1.,0.));
#2731=DIRECTION('',(0.,0.,1.));
#2732=DIRECTION('',(0.866027355235278,0.499996619972764,0.));
#2733=DIRECTION('',(0.,0.,1.));
#2734=DIRECTION('',(0.866027505441729,-0.499996359805125,0.));
#2735=DIRECTION('',(0.,0.,1.));
#2736=DIRECTION('',(1.,0.,0.));
#2737=DIRECTION('',(0.,0.,1.));
#2738=DIRECTION('',(1.,0.,0.));
#2739=DIRECTION('',(0.,0.,1.));
#2740=DIRECTION('',(1.,0.,0.));
#2741=DIRECTION('',(0.,0.,1.));
#2742=DIRECTION('',(1.,0.,0.));
#2743=DIRECTION('',(0.,0.,1.));
#2744=DIRECTION('',(1.,0.,0.));
#2745=DIRECTION('',(0.,0.,1.));
#2746=DIRECTION('',(1.,0.,0.));
#2747=DIRECTION('',(0.,0.,1.));
#2748=DIRECTION('',(0.86602505176708,-0.500000609711455,0.));
#2749=DIRECTION('',(0.,0.,1.));
#2750=DIRECTION('',(0.866025551145605,0.499999744762887,0.));
#2751=DIRECTION('',(0.,0.,1.));
#2752=DIRECTION('',(1.,0.,0.));
#2753=DIRECTION('',(0.,0.,1.));
#2754=DIRECTION('',(0.86602505176708,-0.500000609711455,0.));
#2755=DIRECTION('',(0.,0.,1.));
#2756=DIRECTION('',(0.,-1.,0.));
#2757=DIRECTION('',(0.,0.,1.));
#2758=DIRECTION('',(0.866027355235278,0.499996619972764,0.));
#2759=DIRECTION('',(0.,0.,1.));
#2760=DIRECTION('',(0.86602505176708,-0.500000609711455,0.));
#2761=DIRECTION('',(0.,0.,1.));
#2762=DIRECTION('',(1.,0.,0.));
#2763=DIRECTION('',(0.,0.,1.));
#2764=DIRECTION('',(0.,-1.,0.));
#2765=DIRECTION('',(0.,0.,1.));
#2766=DIRECTION('',(0.866025551145605,0.499999744762887,0.));
#2767=DIRECTION('',(0.,0.,1.));
#2768=DIRECTION('',(0.866027505441729,-0.499996359805125,0.));
#2769=DIRECTION('',(0.,0.,1.));
#2770=DIRECTION('',(0.,-1.,0.));
#2771=DIRECTION('',(0.,0.,1.));
#2772=DIRECTION('',(0.866025551145605,0.499999744762887,0.));
#2773=DIRECTION('',(0.,0.,-1.));
#2774=DIRECTION('',(1.,0.,0.));
#2775=DIRECTION('',(0.,0.,1.));
#2776=DIRECTION('',(0.866025551145605,0.499999744762887,0.));
#2777=DIRECTION('',(0.,0.,1.));
#2778=DIRECTION('',(0.,-1.,0.));
#2779=DIRECTION('',(0.,0.,1.));
#2780=DIRECTION('',(1.,0.,0.));
#2781=DIRECTION('',(0.,0.,1.));
#2782=DIRECTION('',(0.866027505441729,-0.499996359805125,0.));
#2783=DIRECTION('',(0.,0.,1.));
#2784=DIRECTION('',(1.,0.,0.));
#2785=DIRECTION('',(0.,0.,1.));
#2786=DIRECTION('',(0.866027505441729,-0.499996359805125,0.));
#2787=DIRECTION('',(0.,0.,1.));
#2788=DIRECTION('',(0.866027355235278,0.499996619972764,0.));
#2789=DIRECTION('',(0.,0.,-1.));
#2790=DIRECTION('',(1.,0.,0.));
#2791=DIRECTION('',(0.,0.,1.));
#2792=DIRECTION('',(0.866027355235278,0.499996619972764,0.));
#2793=DIRECTION('',(0.,0.,1.));
#2794=DIRECTION('',(0.,-1.,0.));
#2795=DIRECTION('',(0.,0.,1.));
#2796=DIRECTION('',(1.,0.,0.));
#2797=DIRECTION('',(0.,0.,1.));
#2798=DIRECTION('',(0.,-1.,0.));
#2799=DIRECTION('',(0.,0.,1.));
#2800=DIRECTION('',(0.866027505441729,-0.499996359805125,0.));
#2801=DIRECTION('',(0.,0.,1.));
#2802=DIRECTION('',(0.866027355235278,0.499996619972764,0.));
#2803=DIRECTION('',(0.,0.,1.));
#2804=DIRECTION('',(0.,-1.,0.));
#2805=DIRECTION('',(0.,0.,1.));
#2806=DIRECTION('',(0.,-1.,0.));
#2807=DIRECTION('',(0.,0.,1.));
#2808=DIRECTION('',(0.866027355235278,0.499996619972764,0.));
#2809=DIRECTION('',(0.,0.,1.));
#2810=DIRECTION('',(0.866027505441729,-0.499996359805125,0.));
#2811=DIRECTION('',(0.,0.,1.));
#2812=DIRECTION('',(0.,-1.,0.));
#2813=DIRECTION('',(0.,0.,1.));
#2814=DIRECTION('',(1.,0.,0.));
#2815=DIRECTION('',(0.,0.,1.));
#2816=DIRECTION('',(0.86602505176708,-0.500000609711455,0.));
#2817=DIRECTION('',(0.,0.,1.));
#2818=DIRECTION('',(0.,-1.,0.));
#2819=DIRECTION('',(0.,0.,1.));
#2820=DIRECTION('',(0.866027355235278,0.499996619972764,0.));
#2821=DIRECTION('',(0.,0.,1.));
#2822=DIRECTION('',(0.86602505176708,-0.500000609711455,0.));
#2823=DIRECTION('',(0.,0.,1.));
#2824=DIRECTION('',(1.,0.,0.));
#2825=DIRECTION('',(0.,0.,1.));
#2826=DIRECTION('',(0.866025551145605,0.499999744762887,0.));
#2827=DIRECTION('',(0.,0.,1.));
#2828=DIRECTION('',(1.,0.,0.));
#2829=DIRECTION('',(0.,0.,1.));
#2830=DIRECTION('',(0.86602505176708,-0.500000609711455,0.));
#2831=DIRECTION('',(0.,0.,1.));
#2832=DIRECTION('',(0.86602505176708,-0.500000609711455,0.));
#2833=DIRECTION('',(0.,0.,1.));
#2834=DIRECTION('',(1.,0.,0.));
#2835=DIRECTION('',(0.,0.,1.));
#2836=DIRECTION('',(0.,-1.,0.));
#2837=DIRECTION('',(0.,0.,1.));
#2838=DIRECTION('',(0.866025551145604,0.499999744762887,0.));
#2839=DIRECTION('',(0.,0.,1.));
#2840=DIRECTION('',(0.866027505441729,-0.499996359805125,0.));
#2841=DIRECTION('',(0.,0.,1.));
#2842=DIRECTION('',(0.,-1.,0.));
#2843=DIRECTION('',(0.,0.,-1.));
#2844=DIRECTION('',(0.,0.,-1.));
#2845=DIRECTION('',(0.,0.,-1.));
#2846=DIRECTION('',(0.,0.,-1.));
#2847=DIRECTION('',(0.,0.,-1.));
#2848=DIRECTION('',(-1.,0.,0.));
#2849=DIRECTION('',(0.,0.,-1.));
#2850=DIRECTION('',(0.,0.,-1.));
#2851=DIRECTION('',(0.,0.,-1.));
#2852=DIRECTION('',(0.,0.,-1.));
#2853=DIRECTION('',(0.,0.,-1.));
#2854=DIRECTION('',(-1.,0.,0.));
#2855=DIRECTION('',(0.,0.,-1.));
#2856=DIRECTION('',(0.,0.,-1.));
#2857=DIRECTION('',(0.,0.,-1.));
#2858=DIRECTION('',(0.,0.,-1.));
#2859=DIRECTION('',(-1.,0.,0.));
#2860=DIRECTION('',(0.,0.,-1.));
#2861=DIRECTION('',(0.,0.,1.));
#2862=DIRECTION('',(1.,0.,0.));
#2863=DIRECTION('',(0.,0.,-1.));
#2864=DIRECTION('',(0.,0.,-1.));
#2865=DIRECTION('',(0.,0.,-1.));
#2866=DIRECTION('',(0.,0.,-1.));
#2867=DIRECTION('',(0.,0.,-1.));
#2868=DIRECTION('',(0.,0.,-1.));
#2869=DIRECTION('',(0.,0.,-1.));
#2870=DIRECTION('',(-1.,0.,0.));
#2871=DIRECTION('',(0.,0.,-1.));
#2872=DIRECTION('',(0.,0.,-1.));
#2873=DIRECTION('',(0.,0.,-1.));
#2874=DIRECTION('',(0.,0.,-1.));
#2875=DIRECTION('',(0.,0.,-1.));
#2876=DIRECTION('',(0.,0.,-1.));
#2877=DIRECTION('',(-1.,0.,0.));
#2878=DIRECTION('',(0.,0.,-1.));
#2879=DIRECTION('',(0.,0.,-1.));
#2880=DIRECTION('',(0.,0.,-1.));
#2881=DIRECTION('',(0.,0.,-1.));
#2882=DIRECTION('',(0.,0.,-1.));
#2883=DIRECTION('',(0.,0.,1.));
#2884=DIRECTION('',(1.,0.,0.));
#2885=DIRECTION('',(0.,0.,-1.));
#2886=DIRECTION('',(0.,0.,-1.));
#2887=DIRECTION('',(0.,0.,-1.));
#2888=DIRECTION('',(0.,0.,-1.));
#2889=DIRECTION('',(0.,0.,-1.));
#2890=DIRECTION('',(0.,0.,1.));
#2891=DIRECTION('',(1.,0.,0.));
#2892=DIRECTION('',(0.,0.,-1.));
#2893=DIRECTION('',(0.,0.,-1.));
#2894=DIRECTION('',(0.,0.,-1.));
#2895=DIRECTION('',(0.,0.,-1.));
#2896=DIRECTION('',(0.,0.,-1.));
#2897=DIRECTION('',(-1.,0.,0.));
#2898=DIRECTION('',(0.,0.,-1.));
#2899=DIRECTION('',(0.,0.,-1.));
#2900=DIRECTION('',(0.,0.,-1.));
#2901=DIRECTION('',(0.,0.,-1.));
#2902=DIRECTION('',(0.,0.,-1.));
#2903=DIRECTION('',(0.,0.,-1.));
#2904=DIRECTION('',(0.,0.,-1.));
#2905=DIRECTION('',(0.,0.,1.));
#2906=DIRECTION('',(1.,0.,0.));
#2907=DIRECTION('',(0.,0.,-1.));
#2908=DIRECTION('',(0.,0.,-1.));
#2909=DIRECTION('',(0.,0.,-1.));
#2910=DIRECTION('',(0.,0.,1.));
#2911=DIRECTION('',(1.,0.,0.));
#2912=DIRECTION('',(0.,0.,-1.));
#2913=DIRECTION('',(0.,0.,-1.));
#2914=DIRECTION('',(0.,0.,-1.));
#2915=DIRECTION('',(0.,0.,-1.));
#2916=DIRECTION('',(0.,0.,1.));
#2917=DIRECTION('',(1.,0.,0.));
#2918=DIRECTION('',(0.,0.,1.));
#2919=DIRECTION('',(1.,0.,0.));
#2920=DIRECTION('',(0.,0.,1.));
#2921=DIRECTION('',(0.,0.,1.));
#2922=DIRECTION('',(0.,0.,1.));
#2923=DIRECTION('',(1.,0.,0.));
#2924=DIRECTION('',(0.,0.,1.));
#2925=DIRECTION('',(1.,0.,0.));
#2926=DIRECTION('',(0.,0.,1.));
#2927=DIRECTION('',(0.,0.,1.));
#2928=DIRECTION('',(1.,0.,0.));
#2929=DIRECTION('',(0.,0.,1.));
#2930=DIRECTION('',(1.,0.,0.));
#2931=DIRECTION('',(0.,0.,1.));
#2932=DIRECTION('',(0.,0.,1.));
#2933=DIRECTION('',(1.,0.,0.));
#2934=DIRECTION('',(0.,0.,1.));
#2935=DIRECTION('',(1.,0.,0.));
#2936=DIRECTION('',(0.,0.,1.));
#2937=DIRECTION('',(0.,0.,1.));
#2938=DIRECTION('',(1.,0.,0.));
#2939=DIRECTION('',(0.,0.,1.));
#2940=DIRECTION('',(1.,0.,0.));
#2941=DIRECTION('',(0.,0.,1.));
#2942=DIRECTION('',(0.,0.,1.));
#2943=DIRECTION('',(1.,0.,0.));
#2944=DIRECTION('',(0.,0.,1.));
#2945=DIRECTION('',(1.,0.,0.));
#2946=DIRECTION('',(0.,0.,1.));
#2947=DIRECTION('',(1.,0.,0.));
#2948=DIRECTION('',(0.,0.,-1.));
#2949=DIRECTION('',(0.,0.,-1.));
#2950=DIRECTION('',(0.,0.,1.));
#2951=DIRECTION('',(1.,0.,0.));
#2952=DIRECTION('',(0.,0.,-1.));
#2953=DIRECTION('',(0.,0.,-1.));
#2954=DIRECTION('',(-1.,0.,0.));
#2955=DIRECTION('',(0.,0.,1.));
#2956=DIRECTION('',(1.,0.,0.));
#2957=DIRECTION('',(0.,0.,-1.));
#2958=DIRECTION('',(-1.,0.,0.));
#2959=DIRECTION('',(0.,0.,1.));
#2960=DIRECTION('',(1.,0.,0.));
#2961=DIRECTION('',(0.,0.,1.));
#2962=DIRECTION('',(1.,0.,0.));
#2963=DIRECTION('',(0.,1.,0.));
#2964=DIRECTION('',(1.,0.,0.));
#2965=DIRECTION('',(1.,0.,0.));
#2966=DIRECTION('',(0.,0.,-1.));
#2967=DIRECTION('',(0.,1.,0.));
#2968=DIRECTION('',(0.,0.,1.));
#2969=CARTESIAN_POINT('',(0.,0.,0.));
#2970=CARTESIAN_POINT('',(-0.0058504325537852,0.00968212733888529,0.00520000052781659));
#2971=CARTESIAN_POINT('',(-0.0227822722539165,0.0344472803642364,0.00520000052781659));
#2972=CARTESIAN_POINT('',(-0.0227822722539165,0.0344472803642364,0.00520000052781659));
#2973=CARTESIAN_POINT('',(-0.0227822722539165,0.0344472803642364,0.000560000527816593));
#2974=CARTESIAN_POINT('',(-0.0058504325537852,0.00968212733888529,0.00520000052781659));
#2975=CARTESIAN_POINT('',(-0.0306155855791362,0.0266139670390167,0.00520000052781659));
#2976=CARTESIAN_POINT('',(-0.0306155855791362,0.0266139670390167,0.00520000052781659));
#2977=CARTESIAN_POINT('',(-0.0306155855791362,0.0266139670390167,0.000560000527816593));
#2978=CARTESIAN_POINT('',(-0.0058504325537852,0.00968212733888529,0.000560000527816593));
#2979=CARTESIAN_POINT('',(-0.00785332391549855,0.0125466787287199,0.0028000005278166));
#2980=CARTESIAN_POINT('',(0.00871738820384235,-0.00372190712245143,0.0028000005278166));
#2981=CARTESIAN_POINT('',(0.00725742448871307,-0.00433706618829004,0.0028000005278166));
#2982=CARTESIAN_POINT('',(0.00989963368463211,-0.00477652096122355,0.0028000005278166));
#2983=CARTESIAN_POINT('',(-0.00585044053222628,0.0096698345854696,0.0028000005278166));
#2984=CARTESIAN_POINT('',(0.00118333475525839,-0.00251520225143371,0.0028000005278166));
#2985=CARTESIAN_POINT('',(-0.00585043255378514,0.0096821273388853,0.0028000005278166));
#2986=CARTESIAN_POINT('',(-0.0128841978916938,-0.00251521389043804,0.0028000005278166));
#2987=CARTESIAN_POINT('',(-0.00585046547859442,0.00966981394804252,0.0028000005278166));
#2988=CARTESIAN_POINT('',(-0.0199213406207428,0.00966983458546961,0.0028000005278166));
#2989=CARTESIAN_POINT('',(-0.00585044053222628,0.0096698345854696,0.0028000005278166));
#2990=CARTESIAN_POINT('',(-0.0128881132928273,0.0218563208257054,0.0028000005278166));
#2991=CARTESIAN_POINT('',(-0.00585043255378514,0.0096821273388853,0.0028000005278166));
#2992=CARTESIAN_POINT('',(-0.0123853366181249,0.0244498205580547,0.0028000005278166));
#2993=CARTESIAN_POINT('',(-0.0112920780568293,0.0255964244320807,0.0028000005278166));
#2994=CARTESIAN_POINT('',(-0.0117059655467174,0.0271256764948524,0.0028000005278166));
#2995=CARTESIAN_POINT('',(-0.00585043255378514,0.0096821273388853,0.0028000005278166));
#2996=CARTESIAN_POINT('',(0.0011872479428665,0.0218563222604729,0.0028000005278166));
#2997=CARTESIAN_POINT('',(-0.00585046547859442,0.00966981394804252,0.0028000005278166));
#2998=CARTESIAN_POINT('',(0.0151799248748456,0.0235399305281291,0.0028000005278166));
#2999=CARTESIAN_POINT('',(0.0154473142118468,0.0219783871671686,0.0028000005278166));
#3000=CARTESIAN_POINT('',(0.016677323865183,0.0209798928114506,0.0028000005278166));
#3001=CARTESIAN_POINT('',(-0.00585046547859442,0.00966981394804252,0.0028000005278166));
#3002=CARTESIAN_POINT('',(0.00822045955629029,0.00966983458546959,0.0028000005278166));
#3003=CARTESIAN_POINT('',(-0.00585044053222628,0.0096698345854696,0.0028000005278166));
#3004=CARTESIAN_POINT('',(-0.00585043255378514,0.0096821273388853,0.0028000005278166));
#3005=CARTESIAN_POINT('',(0.0225495674462149,0.0096821273388853,0.0028000005278166));
#3006=CARTESIAN_POINT('',(-0.00785332391549855,0.0125466787287199,0.000560000527816593));
#3007=CARTESIAN_POINT('',(-0.0058504325537852,0.00968212733888529,0.000560000527816593));
#3008=CARTESIAN_POINT('',(-0.0249660457591315,0.0328034017800485,0.000560000527816593));
#3009=CARTESIAN_POINT('',(-0.0289717069949484,0.0287977405442316,0.000560000527816593));
#3010=CARTESIAN_POINT('',(-0.0289660417472506,0.0327977365323507,0.000560000527816593));
#3011=CARTESIAN_POINT('',(-0.0289660417472506,0.0327977365323507,0.000560000527816593));
#3012=CARTESIAN_POINT('',(-0.00585043255378514,0.0096821273388853,0.00520000052781659));
#3013=CARTESIAN_POINT('',(-0.00585043255378514,0.0096821273388853,0.00520000052781659));
#3014=CARTESIAN_POINT('',(0.0225495674462149,0.0096821273388853,0.00520000052781659));
#3015=CARTESIAN_POINT('',(-0.0058504325537852,0.00968212733888529,0.00520000052781659));
#3016=CARTESIAN_POINT('',(-0.0058504325537852,0.00968212733888529,0.00520000052781659));
#3017=CARTESIAN_POINT('',(-0.0249660457591315,0.0328034017800485,0.00520000052781659));
#3018=CARTESIAN_POINT('',(-0.0289717069949484,0.0287977405442316,0.00520000052781659));
#3019=CARTESIAN_POINT('',(-0.0249660457591315,0.0328034017800485,0.00520000052781659));
#3020=CARTESIAN_POINT('',(-0.0289717069949484,0.0287977405442316,0.00520000052781659));
#3021=CARTESIAN_POINT('',(-0.00785332391549855,0.0125466787287199,0.00520000052781659));
#3022=CARTESIAN_POINT('',(-0.0289660417472506,0.0327977365323507,0.00520000052781659));
#3023=CARTESIAN_POINT('',(-0.0318226131186677,0.0299977365323507,0.00520000052781659));
#3024=CARTESIAN_POINT('',(-0.0353660417472506,0.0299977365323507,0.00520000052781659));
#3025=CARTESIAN_POINT('',(-0.0347210395752258,0.0299977365323507,0.00520000052781659));
#3026=CARTESIAN_POINT('',(-0.0289660417472506,0.0327977365323507,0.00520000052781659));
#3027=CARTESIAN_POINT('',(-0.0289660417472506,0.0327977365323507,0.00520000052781659));
#3028=CARTESIAN_POINT('',(-0.0261660417472506,0.038552734360326,0.00520000052781659));
#3029=CARTESIAN_POINT('',(-0.0261660417472506,0.0125466787287199,0.00520000052781659));
#3030=CARTESIAN_POINT('',(-0.0261660417472506,0.0356543079037678,0.00520000052781659));
#3031=CARTESIAN_POINT('',(-0.0289660417472506,0.0327977365323507,0.00520000052781659));
#3032=CARTESIAN_POINT('',(-0.00785332391549855,0.0125466787287199,0.0028000005278166));
#3033=CARTESIAN_POINT('',(0.0679684760817585,0.00968228030485193,0.0028000005278166));
#3034=CARTESIAN_POINT('',(-0.0138237814780145,0.0117784180062056,0.0028000005278166));
#3035=CARTESIAN_POINT('',(-0.0138231354481495,0.00756082643649149,0.0028000005278166));
#3036=CARTESIAN_POINT('',(-0.00585043255378514,0.0096698345854696,0.0028000005278166));
#3037=CARTESIAN_POINT('',(-0.0168328868976175,0.0096698345854696,0.0028000005278166));
#3038=CARTESIAN_POINT('',(-0.00585043255378514,0.0096698345854696,0.0028000005278166));
#3039=CARTESIAN_POINT('',(-0.00651535170831642,0.00869365670775199,0.00488000052781659));
#3040=CARTESIAN_POINT('',(-0.00651535170831642,0.00869365670775199,0.0028000005278166));
#3041=CARTESIAN_POINT('',(-0.00651188158525313,0.00877504590637251,0.00488000052781659));
#3042=CARTESIAN_POINT('',(-0.00651188158525313,0.00877504590637251,0.0028000005278166));
#3043=CARTESIAN_POINT('',(-0.00650522206316902,0.00893124012650125,0.00488000052781659));
#3044=CARTESIAN_POINT('',(-0.00650522206316902,0.00893124012650125,0.0028000005278166));
#3045=CARTESIAN_POINT('',(-0.00646420278787577,0.00913482876065563,0.00488000052781659));
#3046=CARTESIAN_POINT('',(-0.00646420278787577,0.00913482876065563,0.0028000005278166));
#3047=CARTESIAN_POINT('',(-0.00640456273003433,0.00927685877629634,0.00488000052781659));
#3048=CARTESIAN_POINT('',(-0.00640456273003433,0.00927685877629634,0.0028000005278166));
#3049=CARTESIAN_POINT('',(-0.00632435341566481,0.0094347649882305,0.00488000052781659));
#3050=CARTESIAN_POINT('',(-0.00632435341566481,0.0094347649882305,0.0028000005278166));
#3051=CARTESIAN_POINT('',(-0.00622052287961799,0.00956713221360881,0.00488000052781659));
#3052=CARTESIAN_POINT('',(-0.00622052287961799,0.00956713221360881,0.0028000005278166));
#3053=CARTESIAN_POINT('',(-0.00609027061983657,0.00965913643817064,0.00488000052781659));
#3054=CARTESIAN_POINT('',(-0.00609027061983657,0.00965913643817064,0.0028000005278166));
#3055=CARTESIAN_POINT('',(-0.00594118876384417,0.00972084669194416,0.00488000052781659));
#3056=CARTESIAN_POINT('',(-0.00594118876384417,0.00972084669194416,0.0028000005278166));
#3057=CARTESIAN_POINT('',(-0.00580726883501894,0.00973668821813162,0.00488000052781659));
#3058=CARTESIAN_POINT('',(-0.00580726883501894,0.00973668821813162,0.0028000005278166));
#3059=CARTESIAN_POINT('',(-0.00571036181233831,0.00974407033180388,0.00488000052781659));
#3060=CARTESIAN_POINT('',(-0.00571036181233831,0.00974407033180388,0.0028000005278166));
#3061=CARTESIAN_POINT('',(-0.00560764964614961,0.0097236920759842,0.00488000052781659));
#3062=CARTESIAN_POINT('',(-0.00560764964614961,0.0097236920759842,0.0028000005278166));
#3063=CARTESIAN_POINT('',(-0.00550574408483173,0.00968816372365454,0.00488000052781659));
#3064=CARTESIAN_POINT('',(-0.00550574408483173,0.00968816372365454,0.0028000005278166));
#3065=CARTESIAN_POINT('',(-0.00538464177392176,0.00961894027735354,0.00488000052781659));
#3066=CARTESIAN_POINT('',(-0.00538464177392176,0.00961894027735354,0.0028000005278166));
#3067=CARTESIAN_POINT('',(-0.00530050490968783,0.00953114074921933,0.00488000052781659));
#3068=CARTESIAN_POINT('',(-0.00530050490968783,0.00953114074921933,0.0028000005278166));
#3069=CARTESIAN_POINT('',(-0.00525343000450631,0.00945765353847114,0.00488000052781659));
#3070=CARTESIAN_POINT('',(-0.00525343000450631,0.00945765353847114,0.0028000005278166));
#3071=CARTESIAN_POINT('',(-0.00521708478857131,0.00938698938920202,0.00488000052781659));
#3072=CARTESIAN_POINT('',(-0.00521708478857131,0.00938698938920202,0.0028000005278166));
#3073=CARTESIAN_POINT('',(-0.00517803792761144,0.00927774797852343,0.00488000052781659));
#3074=CARTESIAN_POINT('',(-0.00517803792761144,0.00927774797852343,0.0028000005278166));
#3075=CARTESIAN_POINT('',(-0.00515243637103085,0.00920105474607437,0.00488000052781659));
#3076=CARTESIAN_POINT('',(-0.00515243637103085,0.00920105474607437,0.0028000005278166));
#3077=CARTESIAN_POINT('',(-0.00515033701545053,0.00913875104182328,0.00488000052781659));
#3078=CARTESIAN_POINT('',(-0.00515033701545053,0.00913875104182328,0.0028000005278166));
#3079=CARTESIAN_POINT('',(-0.00514925465507314,0.00910662925098518,0.00488000052781659));
#3080=CARTESIAN_POINT('',(-0.00514925465507314,0.00910662925098518,0.0028000005278166));
#3081=CARTESIAN_POINT('',(-0.00651535170831642,0.00869365670775199,0.00488000052781659));
#3082=CARTESIAN_POINT('',(-0.00651535170831642,0.00869365670775199,0.00488000052781659));
#3083=CARTESIAN_POINT('',(-0.00651535170831642,0.00869365670775199,0.0028000005278166));
#3084=CARTESIAN_POINT('',(-0.00651535170831642,0.00869365670775199,0.0028000005278166));
#3085=CARTESIAN_POINT('',(-0.00651188158525313,0.00877504590637251,0.0028000005278166));
#3086=CARTESIAN_POINT('',(-0.00650522206316902,0.00893124012650125,0.0028000005278166));
#3087=CARTESIAN_POINT('',(-0.00646420278787577,0.00913482876065563,0.0028000005278166));
#3088=CARTESIAN_POINT('',(-0.00640456273003433,0.00927685877629634,0.0028000005278166));
#3089=CARTESIAN_POINT('',(-0.00632435341566481,0.0094347649882305,0.0028000005278166));
#3090=CARTESIAN_POINT('',(-0.00622052287961799,0.00956713221360881,0.0028000005278166));
#3091=CARTESIAN_POINT('',(-0.00609027061983657,0.00965913643817064,0.0028000005278166));
#3092=CARTESIAN_POINT('',(-0.00594118876384417,0.00972084669194416,0.0028000005278166));
#3093=CARTESIAN_POINT('',(-0.00580726883501894,0.00973668821813162,0.0028000005278166));
#3094=CARTESIAN_POINT('',(-0.00571036181233831,0.00974407033180388,0.0028000005278166));
#3095=CARTESIAN_POINT('',(-0.00560764964614961,0.0097236920759842,0.0028000005278166));
#3096=CARTESIAN_POINT('',(-0.00550574408483173,0.00968816372365454,0.0028000005278166));
#3097=CARTESIAN_POINT('',(-0.00538464177392176,0.00961894027735354,0.0028000005278166));
#3098=CARTESIAN_POINT('',(-0.00530050490968783,0.00953114074921933,0.0028000005278166));
#3099=CARTESIAN_POINT('',(-0.00525343000450631,0.00945765353847114,0.0028000005278166));
#3100=CARTESIAN_POINT('',(-0.00521708478857131,0.00938698938920202,0.0028000005278166));
#3101=CARTESIAN_POINT('',(-0.00517803792761144,0.00927774797852343,0.0028000005278166));
#3102=CARTESIAN_POINT('',(-0.00515243637103085,0.00920105474607437,0.0028000005278166));
#3103=CARTESIAN_POINT('',(-0.00515033701545053,0.00913875104182328,0.0028000005278166));
#3104=CARTESIAN_POINT('',(-0.00514925465507314,0.00910662925098518,0.0028000005278166));
#3105=CARTESIAN_POINT('',(-0.00514925465507314,0.00910662925098518,0.0028000005278166));
#3106=CARTESIAN_POINT('',(-0.00514925465507314,0.00910662925098518,0.00488000052781659));
#3107=CARTESIAN_POINT('',(-0.00514925465507314,0.00910662925098518,0.00488000052781659));
#3108=CARTESIAN_POINT('',(-0.00651535170831642,0.00869365670775199,0.00488000052781659));
#3109=CARTESIAN_POINT('',(-0.00651188158525313,0.00877504590637251,0.00488000052781659));
#3110=CARTESIAN_POINT('',(-0.00650522206316902,0.00893124012650125,0.00488000052781659));
#3111=CARTESIAN_POINT('',(-0.00646420278787577,0.00913482876065563,0.00488000052781659));
#3112=CARTESIAN_POINT('',(-0.00640456273003433,0.00927685877629634,0.00488000052781659));
#3113=CARTESIAN_POINT('',(-0.00632435341566481,0.0094347649882305,0.00488000052781659));
#3114=CARTESIAN_POINT('',(-0.00622052287961799,0.00956713221360881,0.00488000052781659));
#3115=CARTESIAN_POINT('',(-0.00609027061983657,0.00965913643817064,0.00488000052781659));
#3116=CARTESIAN_POINT('',(-0.00594118876384417,0.00972084669194416,0.00488000052781659));
#3117=CARTESIAN_POINT('',(-0.00580726883501894,0.00973668821813162,0.00488000052781659));
#3118=CARTESIAN_POINT('',(-0.00571036181233831,0.00974407033180388,0.00488000052781659));
#3119=CARTESIAN_POINT('',(-0.00560764964614961,0.0097236920759842,0.00488000052781659));
#3120=CARTESIAN_POINT('',(-0.00550574408483173,0.00968816372365454,0.00488000052781659));
#3121=CARTESIAN_POINT('',(-0.00538464177392176,0.00961894027735354,0.00488000052781659));
#3122=CARTESIAN_POINT('',(-0.00530050490968783,0.00953114074921933,0.00488000052781659));
#3123=CARTESIAN_POINT('',(-0.00525343000450631,0.00945765353847114,0.00488000052781659));
#3124=CARTESIAN_POINT('',(-0.00521708478857131,0.00938698938920202,0.00488000052781659));
#3125=CARTESIAN_POINT('',(-0.00517803792761144,0.00927774797852343,0.00488000052781659));
#3126=CARTESIAN_POINT('',(-0.00515243637103085,0.00920105474607437,0.00488000052781659));
#3127=CARTESIAN_POINT('',(-0.00515033701545053,0.00913875104182328,0.00488000052781659));
#3128=CARTESIAN_POINT('',(-0.00514925465507314,0.00910662925098518,0.00488000052781659));
#3129=CARTESIAN_POINT('',(-0.00847695093900024,0.00950016728145025,0.00488000052781659));
#3130=CARTESIAN_POINT('',(-0.00847695093900024,0.00950016728145025,0.0028000005278166));
#3131=CARTESIAN_POINT('',(-0.00846736242152975,0.0130637832906144,0.0028000005278166));
#3132=CARTESIAN_POINT('',(-0.00848653945647072,0.00593655127228612,0.0028000005278166));
#3133=CARTESIAN_POINT('',(-0.00848653945647072,0.00593655127228612,0.00488000052781659));
#3134=CARTESIAN_POINT('',(-0.00848653945647072,0.00593655127228612,0.00488000052781659));
#3135=CARTESIAN_POINT('',(-0.00847695093900024,0.00950016728145025,0.00488000052781659));
#3136=CARTESIAN_POINT('',(-0.00846736242152975,0.0130637832906144,0.00488000052781659));
#3137=CARTESIAN_POINT('',(-0.00846736242152975,0.0130637832906144,0.00488000052781659));
#3138=CARTESIAN_POINT('',(-0.00750466192241908,0.00593390936309475,0.00488000052781659));
#3139=CARTESIAN_POINT('',(-0.00750466192241908,0.00593390936309475,0.0028000005278166));
#3140=CARTESIAN_POINT('',(-0.00652278438836744,0.00593126745390338,0.0028000005278166));
#3141=CARTESIAN_POINT('',(-0.00652278438836744,0.00593126745390338,0.00488000052781659));
#3142=CARTESIAN_POINT('',(-0.00652278438836744,0.00593126745390338,0.00488000052781659));
#3143=CARTESIAN_POINT('',(-0.00750466192241908,0.00593390936309475,0.00488000052781659));
#3144=CARTESIAN_POINT('',(-0.00651906804834193,0.00731246208082769,0.00488000052781659));
#3145=CARTESIAN_POINT('',(-0.00651906804834193,0.00731246208082769,0.0028000005278166));
#3146=CARTESIAN_POINT('',(-0.00651906804834193,0.00731246208082769,0.00488000052781659));
#3147=CARTESIAN_POINT('',(-0.00514925465507314,0.00751894835244428,0.00488000052781659));
#3148=CARTESIAN_POINT('',(-0.00514925465507314,0.00751894835244428,0.0028000005278166));
#3149=CARTESIAN_POINT('',(-0.00514925465507314,0.00593126745390338,0.0028000005278166));
#3150=CARTESIAN_POINT('',(-0.00514925465507314,0.00593126745390338,0.00488000052781659));
#3151=CARTESIAN_POINT('',(-0.00514925465507314,0.00593126745390338,0.00488000052781659));
#3152=CARTESIAN_POINT('',(-0.00514925465507314,0.00751894835244428,0.00488000052781659));
#3153=CARTESIAN_POINT('',(-0.0041670516919449,0.0059286246690895,0.00488000052781659));
#3154=CARTESIAN_POINT('',(-0.0041670516919449,0.0059286246690895,0.0028000005278166));
#3155=CARTESIAN_POINT('',(-0.00318484872881666,0.00592598188427562,0.0028000005278166));
#3156=CARTESIAN_POINT('',(-0.00318484872881666,0.00592598188427562,0.00488000052781659));
#3157=CARTESIAN_POINT('',(-0.00318484872881666,0.00592598188427562,0.00488000052781659));
#3158=CARTESIAN_POINT('',(-0.0041670516919449,0.0059286246690895,0.00488000052781659));
#3159=CARTESIAN_POINT('',(-0.00318484872881666,0.00775319330643216,0.00488000052781659));
#3160=CARTESIAN_POINT('',(-0.00318484872881666,0.00969241652746514,0.0028000005278166));
#3161=CARTESIAN_POINT('',(-0.00318484872881666,0.00980442832634159,0.0028000005278166));
#3162=CARTESIAN_POINT('',(-0.00318484872881666,0.00980442832634159,0.00488000052781659));
#3163=CARTESIAN_POINT('',(-0.00318484872881666,0.00980442832634159,0.00488000052781659));
#3164=CARTESIAN_POINT('',(-0.00318484872881666,0.00775319330643216,0.00488000052781659));
#3165=CARTESIAN_POINT('',(-0.00654858469518482,0.0107084420319461,0.00488000052781659));
#3166=CARTESIAN_POINT('',(-0.00654858469518482,0.0107084420319461,0.0028000005278166));
#3167=CARTESIAN_POINT('',(-0.00650822050973337,0.010728069013155,0.00488000052781659));
#3168=CARTESIAN_POINT('',(-0.00650822050973337,0.010728069013155,0.0028000005278166));
#3169=CARTESIAN_POINT('',(-0.00642621484331336,0.0107679440572281,0.00488000052781659));
#3170=CARTESIAN_POINT('',(-0.00642621484331336,0.0107679440572281,0.0028000005278166));
#3171=CARTESIAN_POINT('',(-0.00629643088767515,0.0108272897268189,0.00488000052781659));
#3172=CARTESIAN_POINT('',(-0.00629643088767515,0.0108272897268189,0.0028000005278166));
#3173=CARTESIAN_POINT('',(-0.00613942527922063,0.0108987089134179,0.00488000052781659));
#3174=CARTESIAN_POINT('',(-0.00613942527922063,0.0108987089134179,0.0028000005278166));
#3175=CARTESIAN_POINT('',(-0.00598855789079215,0.0109574074053567,0.00488000052781659));
#3176=CARTESIAN_POINT('',(-0.00598855789079215,0.0109574074053567,0.0028000005278166));
#3177=CARTESIAN_POINT('',(-0.00582034089984964,0.0110116320673256,0.00488000052781659));
#3178=CARTESIAN_POINT('',(-0.00582034089984964,0.0110116320673256,0.0028000005278166));
#3179=CARTESIAN_POINT('',(-0.00551594441604451,0.0110833052209971,0.00488000052781659));
#3180=CARTESIAN_POINT('',(-0.00551594441604451,0.0110833052209971,0.0028000005278166));
#3181=CARTESIAN_POINT('',(-0.00527557899866799,0.0111245504292386,0.00488000052781659));
#3182=CARTESIAN_POINT('',(-0.00527557899866799,0.0111245504292386,0.0028000005278166));
#3183=CARTESIAN_POINT('',(-0.00497359183863056,0.011137828798026,0.00488000052781659));
#3184=CARTESIAN_POINT('',(-0.00497359183863056,0.011137828798026,0.0028000005278166));
#3185=CARTESIAN_POINT('',(-0.00464454398083836,0.0111226253798125,0.00488000052781659));
#3186=CARTESIAN_POINT('',(-0.00464454398083836,0.0111226253798125,0.0028000005278166));
#3187=CARTESIAN_POINT('',(-0.00414813412155235,0.0109979188691198,0.00488000052781659));
#3188=CARTESIAN_POINT('',(-0.00414813412155235,0.0109979188691198,0.0028000005278166));
#3189=CARTESIAN_POINT('',(-0.00383077175647712,0.0108363791722944,0.00488000052781659));
#3190=CARTESIAN_POINT('',(-0.00383077175647712,0.0108363791722944,0.0028000005278166));
#3191=CARTESIAN_POINT('',(-0.00351221095539116,0.0105848993894788,0.00488000052781659));
#3192=CARTESIAN_POINT('',(-0.00351221095539116,0.0105848993894788,0.0028000005278166));
#3193=CARTESIAN_POINT('',(-0.00324492709164835,0.0100881111650529,0.00488000052781659));
#3194=CARTESIAN_POINT('',(-0.00324492709164835,0.0100881111650529,0.0028000005278166));
#3195=CARTESIAN_POINT('',(-0.00320252478739492,0.00988789255935932,0.00488000052781659));
#3196=CARTESIAN_POINT('',(-0.00320252478739492,0.00988789255935932,0.0028000005278166));
#3197=CARTESIAN_POINT('',(-0.00318484872881666,0.00980442832634159,0.00488000052781659));
#3198=CARTESIAN_POINT('',(-0.00318484872881666,0.00980442832634159,0.0028000005278166));
#3199=CARTESIAN_POINT('',(-0.00654858469518482,0.0107084420319461,0.0028000005278166));
#3200=CARTESIAN_POINT('',(-0.00650822050973337,0.010728069013155,0.0028000005278166));
#3201=CARTESIAN_POINT('',(-0.00642621484331336,0.0107679440572281,0.0028000005278166));
#3202=CARTESIAN_POINT('',(-0.00629643088767515,0.0108272897268189,0.0028000005278166));
#3203=CARTESIAN_POINT('',(-0.00613942527922063,0.0108987089134179,0.0028000005278166));
#3204=CARTESIAN_POINT('',(-0.00598855789079215,0.0109574074053567,0.0028000005278166));
#3205=CARTESIAN_POINT('',(-0.00582034089984964,0.0110116320673256,0.0028000005278166));
#3206=CARTESIAN_POINT('',(-0.00551594441604451,0.0110833052209971,0.0028000005278166));
#3207=CARTESIAN_POINT('',(-0.00527557899866799,0.0111245504292386,0.0028000005278166));
#3208=CARTESIAN_POINT('',(-0.00497359183863056,0.011137828798026,0.0028000005278166));
#3209=CARTESIAN_POINT('',(-0.00464454398083836,0.0111226253798125,0.0028000005278166));
#3210=CARTESIAN_POINT('',(-0.00414813412155235,0.0109979188691198,0.0028000005278166));
#3211=CARTESIAN_POINT('',(-0.00383077175647712,0.0108363791722944,0.0028000005278166));
#3212=CARTESIAN_POINT('',(-0.00351221095539116,0.0105848993894788,0.0028000005278166));
#3213=CARTESIAN_POINT('',(-0.00324492709164835,0.0100881111650529,0.0028000005278166));
#3214=CARTESIAN_POINT('',(-0.00320252478739492,0.00988789255935932,0.0028000005278166));
#3215=CARTESIAN_POINT('',(-0.00318484872881666,0.00980442832634159,0.0028000005278166));
#3216=CARTESIAN_POINT('',(-0.00654858469518482,0.0107084420319461,0.0028000005278166));
#3217=CARTESIAN_POINT('',(-0.00654858469518482,0.0107084420319461,0.00488000052781659));
#3218=CARTESIAN_POINT('',(-0.00654858469518482,0.0107084420319461,0.00488000052781659));
#3219=CARTESIAN_POINT('',(-0.00654858469518482,0.0107084420319461,0.00488000052781659));
#3220=CARTESIAN_POINT('',(-0.00650822050973337,0.010728069013155,0.00488000052781659));
#3221=CARTESIAN_POINT('',(-0.00642621484331336,0.0107679440572281,0.00488000052781659));
#3222=CARTESIAN_POINT('',(-0.00629643088767515,0.0108272897268189,0.00488000052781659));
#3223=CARTESIAN_POINT('',(-0.00613942527922063,0.0108987089134179,0.00488000052781659));
#3224=CARTESIAN_POINT('',(-0.00598855789079215,0.0109574074053567,0.00488000052781659));
#3225=CARTESIAN_POINT('',(-0.00582034089984964,0.0110116320673256,0.00488000052781659));
#3226=CARTESIAN_POINT('',(-0.00551594441604451,0.0110833052209971,0.00488000052781659));
#3227=CARTESIAN_POINT('',(-0.00527557899866799,0.0111245504292386,0.00488000052781659));
#3228=CARTESIAN_POINT('',(-0.00497359183863056,0.011137828798026,0.00488000052781659));
#3229=CARTESIAN_POINT('',(-0.00464454398083836,0.0111226253798125,0.00488000052781659));
#3230=CARTESIAN_POINT('',(-0.00414813412155235,0.0109979188691198,0.00488000052781659));
#3231=CARTESIAN_POINT('',(-0.00383077175647712,0.0108363791722944,0.00488000052781659));
#3232=CARTESIAN_POINT('',(-0.00351221095539116,0.0105848993894788,0.00488000052781659));
#3233=CARTESIAN_POINT('',(-0.00324492709164835,0.0100881111650529,0.00488000052781659));
#3234=CARTESIAN_POINT('',(-0.00320252478739492,0.00988789255935932,0.00488000052781659));
#3235=CARTESIAN_POINT('',(-0.00318484872881666,0.00980442832634159,0.00488000052781659));
#3236=CARTESIAN_POINT('',(-0.00654858469518482,0.0120285464400028,0.00488000052781659));
#3237=CARTESIAN_POINT('',(-0.00654858469518482,0.0120285464400028,0.0028000005278166));
#3238=CARTESIAN_POINT('',(-0.00654858469518482,0.0133486508480595,0.0028000005278166));
#3239=CARTESIAN_POINT('',(-0.00654858469518482,0.0133486508480595,0.00488000052781659));
#3240=CARTESIAN_POINT('',(-0.00654858469518482,0.0133486508480595,0.00488000052781659));
#3241=CARTESIAN_POINT('',(-0.00654858469518482,0.0120285464400028,0.00488000052781659));
#3242=CARTESIAN_POINT('',(-0.00750797355835729,0.0132062170693369,0.00488000052781659));
#3243=CARTESIAN_POINT('',(-0.00750797355835729,0.0132062170693369,0.0028000005278166));
#3244=CARTESIAN_POINT('',(-0.00750797355835729,0.0132062170693369,0.00488000052781659));
#3245=CARTESIAN_POINT('',(-0.00785332391549855,0.0125466787287199,0.00488000052781659));
#3246=CARTESIAN_POINT('',(-0.00785332391549855,0.0125466787287199,0.0028000005278166));
#3247=CARTESIAN_POINT('',(-0.00585044053222628,0.0096698345854696,0.0028000005278166));
#3248=CARTESIAN_POINT('',(-0.0184181995151512,0.00846619942242365,0.0028000005278166));
#3249=CARTESIAN_POINT('',(-0.0137228279122174,0.00512424197041863,0.0028000005278166));
#3250=CARTESIAN_POINT('',(-0.00585043255378514,0.0096698345854696,0.0028000005278166));
#3251=CARTESIAN_POINT('',(-0.013175371848393,-0.000611813731770481,0.0028000005278166));
#3252=CARTESIAN_POINT('',(-0.00585043255378514,0.00968212733888536,0.0028000005278166));
#3253=CARTESIAN_POINT('',(-0.00785332391549855,0.0125466787287199,0.0028000005278166));
#3254=CARTESIAN_POINT('',(-0.0427602681419088,0.073599697464563,0.0028000005278166));
#3255=CARTESIAN_POINT('',(-0.00369059443067948,0.00171078767147259,0.0028000005278166));
#3256=CARTESIAN_POINT('',(-3.81855404752865E-5,0.00381947191583504,0.0028000005278166));
#3257=CARTESIAN_POINT('',(-0.00585043255378514,0.0096698345854696,0.0028000005278166));
#3258=CARTESIAN_POINT('',(-0.000360278389253617,0.000159205603988616,0.0028000005278166));
#3259=CARTESIAN_POINT('',(-0.00585043255378514,0.0096821273388853,0.0028000005278166));
#3260=CARTESIAN_POINT('',(-0.00785332391549855,0.0125466787287199,0.0028000005278166));
#3261=CARTESIAN_POINT('',(0.0310593960042704,-0.0542601738621397,0.0028000005278166));
#3262=CARTESIAN_POINT('',(-0.0080102653820424,0.0176288788851101,0.0028000005278166));
#3263=CARTESIAN_POINT('',(-0.0116643453293233,0.0155191763289854,0.0028000005278166));
#3264=CARTESIAN_POINT('',(-0.00585043255378514,0.0096698345854696,0.0028000005278166));
#3265=CARTESIAN_POINT('',(-0.0113432109362365,0.019181610700678,0.0028000005278166));
#3266=CARTESIAN_POINT('',(-0.00585043255378514,0.0096821273388853,0.0028000005278166));
#3267=CARTESIAN_POINT('',(-0.00785332391549855,0.0125466787287199,0.0028000005278166));
#3268=CARTESIAN_POINT('',(-0.00585046547859442,0.00966981394804252,0.0028000005278166));
#3269=CARTESIAN_POINT('',(-0.000607032139919899,0.0211563398142277,0.0028000005278166));
#3270=CARTESIAN_POINT('',(-0.00585043255378514,0.0187604801080675,0.0028000005278166));
#3271=CARTESIAN_POINT('',(-0.00585043255378514,0.0096821273388853,0.0028000005278166));
#3272=CARTESIAN_POINT('',(-0.0100419257286049,0.026569581090596,0.0028000005278166));
#3273=CARTESIAN_POINT('',(-0.0112920780568293,0.0255964244320806,0.0028000005278166));
#3274=CARTESIAN_POINT('',(-0.0105853579922708,0.0241785170034634,0.0028000005278166));
#3275=CARTESIAN_POINT('',(-0.00585043255378514,0.0096821273388853,0.0028000005278166));
#3276=CARTESIAN_POINT('',(-0.0110938330771992,0.0211563390398151,0.0028000005278166));
#3277=CARTESIAN_POINT('',(-0.00585044053222628,0.0096698345854696,0.0028000005278166));
#3278=CARTESIAN_POINT('',(-0.00785332391549855,0.0125466787287199,0.0028000005278166));
#3279=CARTESIAN_POINT('',(-0.00585046547859442,0.00966981394804252,0.0028000005278166));
#3280=CARTESIAN_POINT('',(-0.0110905388095906,-0.00181534102364001,0.0028000005278166));
#3281=CARTESIAN_POINT('',(-0.00585043255378514,0.000579181011955872,0.0028000005278166));
#3282=CARTESIAN_POINT('',(-0.00585043255378514,0.0096821273388853,0.0028000005278166));
#3283=CARTESIAN_POINT('',(-0.000610325129779786,-0.00181533278738248,0.0028000005278166));
#3284=CARTESIAN_POINT('',(-0.00585044053222628,0.0096698345854696,0.0028000005278166));
#3285=CARTESIAN_POINT('',(-0.00785332391549855,0.0125466787287199,0.0028000005278166));
#3286=CARTESIAN_POINT('',(0.0310589057252085,0.0735996625050902,0.0028000005278166));
#3287=CARTESIAN_POINT('',(-0.0116626790836711,0.00381946450184233,0.0028000005278166));
#3288=CARTESIAN_POINT('',(-0.00801027942090662,0.00171078950334556,0.0028000005278166));
#3289=CARTESIAN_POINT('',(-0.00585043255378514,0.00968212733888531,0.0028000005278166));
#3290=CARTESIAN_POINT('',(-0.0113405887779096,0.000159223972370551,0.0028000005278166));
#3291=CARTESIAN_POINT('',(-0.00585043255378514,0.0096698345854696,0.0028000005278166));
#3292=CARTESIAN_POINT('',(-0.00785332391549855,0.0125466787287199,0.0028000005278166));
#3293=CARTESIAN_POINT('',(-0.00585043255378514,0.0096698345854696,0.0028000005278166));
#3294=CARTESIAN_POINT('',(0.00212227016911165,0.00756081983774843,0.0028000005278166));
#3295=CARTESIAN_POINT('',(0.0051320217900472,0.00966983458546959,0.0028000005278166));
#3296=CARTESIAN_POINT('',(-0.00585043255378514,0.0096698345854696,0.0028000005278166));
#3297=CARTESIAN_POINT('',(0.00212291936988161,0.0117784095205376,0.0028000005278166));
#3298=CARTESIAN_POINT('',(-0.0796633686429836,0.00968193398902934,0.0028000005278166));
#3299=CARTESIAN_POINT('',(-0.00785332391549855,0.0125466787287199,0.0028000005278166));
#3300=CARTESIAN_POINT('',(-0.00585044053222628,0.0096698345854696,0.0028000005278166));
#3301=CARTESIAN_POINT('',(0.0067173264662397,0.0108734635301722,0.0028000005278166));
#3302=CARTESIAN_POINT('',(0.002023402692001,0.0142144735416506,0.0028000005278166));
#3303=CARTESIAN_POINT('',(-0.00585043255378514,0.0096698345854696,0.0028000005278166));
#3304=CARTESIAN_POINT('',(0.0148056859817784,0.0205298610403485,0.0028000005278166));
#3305=CARTESIAN_POINT('',(0.0154473142118468,0.0219783871671686,0.0028000005278166));
#3306=CARTESIAN_POINT('',(0.0138707984541813,0.0221349527813187,0.0028000005278166));
#3307=CARTESIAN_POINT('',(-0.00585043255378514,0.0096698345854696,0.0028000005278166));
#3308=CARTESIAN_POINT('',(0.00147770017525842,0.0199527690859731,0.0028000005278166));
#3309=CARTESIAN_POINT('',(-0.00585043255378514,0.0096821273388853,0.0028000005278166));
#3310=CARTESIAN_POINT('',(-0.00785332391549855,0.0125466787287199,0.0028000005278166));
#3311=CARTESIAN_POINT('',(-0.00585043255378514,0.0096821273388853,0.0028000005278166));
#3312=CARTESIAN_POINT('',(0.00147450301405166,-0.00061184088558876,0.0028000005278166));
#3313=CARTESIAN_POINT('',(0.00202196333880664,0.00512425141736594,0.0028000005278166));
#3314=CARTESIAN_POINT('',(-0.00585043255378514,0.0096698345854696,0.0028000005278166));
#3315=CARTESIAN_POINT('',(0.00756505895218452,-0.00263468496412719,0.0028000005278166));
#3316=CARTESIAN_POINT('',(0.00871738820384235,-0.00372190712245143,0.0028000005278166));
#3317=CARTESIAN_POINT('',(0.0101863927207598,-0.00312866142707742,0.0028000005278166));
#3318=CARTESIAN_POINT('',(-0.00585043255378514,0.0096698345854696,0.0028000005278166));
#3319=CARTESIAN_POINT('',(0.00671733073974335,0.00846620907533719,0.0028000005278166));
#3320=CARTESIAN_POINT('',(-0.00585046547859442,0.00966981394804252,0.0028000005278166));
#3321=CARTESIAN_POINT('',(-0.00785332391549855,0.0125466787287199,0.0028000005278166));
#3322=CARTESIAN_POINT('',(-0.00585043255378514,0.0096821273388853,0.0028000005278166));
#3323=CARTESIAN_POINT('',(-0.0131785615632384,0.0199527962607943,0.0028000005278166));
#3324=CARTESIAN_POINT('',(-0.0137242676118742,0.0142144768805016,0.0028000005278166));
#3325=CARTESIAN_POINT('',(-0.00585043255378514,0.0096698345854696,0.0028000005278166));
#3326=CARTESIAN_POINT('',(-0.018418202140754,0.0108734650235499,0.0028000005278166));
#3327=CARTESIAN_POINT('',(-0.00585046547859442,0.00966981394804252,0.0028000005278166));
#3328=CARTESIAN_POINT('',(-0.00785332391549855,0.0125466787287199,0.0028000005278166));
#3329=CARTESIAN_POINT('',(-0.00585043255378514,0.0096821273388853,0.0028000005278166));
#3330=CARTESIAN_POINT('',(-3.65196634727215E-5,0.0155191745605284,0.0028000005278166));
#3331=CARTESIAN_POINT('',(-0.000357652116195091,0.0191815923180161,0.0028000005278166));
#3332=CARTESIAN_POINT('',(-0.00585043255378514,0.0096698345854696,0.0028000005278166));
#3333=CARTESIAN_POINT('',(-0.00369059404709268,0.0176288755396205,0.0028000005278166));
#3334=CARTESIAN_POINT('',(-0.04275961949687,-0.0542597072560684,0.0028000005278166));
#3335=CARTESIAN_POINT('',(-0.00785332391549855,0.0125466787287199,0.00488000052781659));
#3336=CARTESIAN_POINT('',(-0.00585043255378514,0.00968212733888531,0.00488000052781659));
#3337=CARTESIAN_POINT('',(-0.0116626790836711,0.00381946450184233,0.00488000052781659));
#3338=CARTESIAN_POINT('',(-0.0113405887779096,0.000159223972370551,0.00488000052781659));
#3339=CARTESIAN_POINT('',(0.0310589057252085,0.0735996625050902,0.00488000052781659));
#3340=CARTESIAN_POINT('',(-0.00801027942090662,0.00171078950334556,0.00488000052781659));
#3341=CARTESIAN_POINT('',(-0.00585043255378514,0.0096698345854696,0.00488000052781659));
#3342=CARTESIAN_POINT('',(-0.00585043255378514,0.0096821273388853,0.00488000052781659));
#3343=CARTESIAN_POINT('',(-0.0110905388095906,-0.00181534102364001,0.00488000052781659));
#3344=CARTESIAN_POINT('',(-0.000610325129779786,-0.00181533278738248,0.00488000052781659));
#3345=CARTESIAN_POINT('',(-0.00585046547859442,0.00966981394804252,0.00488000052781659));
#3346=CARTESIAN_POINT('',(-0.00585043255378514,0.000579181011955872,0.00488000052781659));
#3347=CARTESIAN_POINT('',(-0.00585044053222628,0.0096698345854696,0.00488000052781659));
#3348=CARTESIAN_POINT('',(0.0373750243022966,0.0845402195266327,0.00488000052781659));
#3349=CARTESIAN_POINT('',(-0.0117867545233739,0.00624218422385212,0.00488000052781659));
#3350=CARTESIAN_POINT('',(-0.00585036046574714,0.00281489333435499,0.00488000052781659));
#3351=CARTESIAN_POINT('',(0.0806053356897572,0.00968297230104406,0.00488000052781659));
#3352=CARTESIAN_POINT('',(-0.0117877551870583,0.0130967846526558,0.00488000052781659));
#3353=CARTESIAN_POINT('',(0.0373753462440399,-0.0651976445681238,0.00488000052781659));
#3354=CARTESIAN_POINT('',(-0.00585050509778742,0.0165247756426504,0.00488000052781659));
#3355=CARTESIAN_POINT('',(-0.0490756759739193,-0.0652001873978025,0.00488000052781659));
#3356=CARTESIAN_POINT('',(8.6809330401609E-5,0.0130969071839036,0.00488000052781659));
#3357=CARTESIAN_POINT('',(-0.0922925922913537,0.00968114998330533,0.00488000052781659));
#3358=CARTESIAN_POINT('',(8.59524289651394E-5,0.00624229601678391,0.00488000052781659));
#3359=CARTESIAN_POINT('',(-0.0490761242954874,0.0845371580124877,0.00488000052781659));
#3360=CARTESIAN_POINT('',(-0.00585043255378514,0.0096698345854696,0.00488000052781659));
#3361=CARTESIAN_POINT('',(0.0051320217900472,0.00966983458546959,0.00488000052781659));
#3362=CARTESIAN_POINT('',(0.00212291936988161,0.0117784095205376,0.00488000052781659));
#3363=CARTESIAN_POINT('',(-0.00585043255378514,0.0096698345854696,0.00488000052781659));
#3364=CARTESIAN_POINT('',(0.00212227016911165,0.00756081983774843,0.00488000052781659));
#3365=CARTESIAN_POINT('',(-0.0796633686429836,0.00968193398902934,0.00488000052781659));
#3366=CARTESIAN_POINT('',(-0.00585043255378514,0.0096698345854696,0.00488000052781659));
#3367=CARTESIAN_POINT('',(-0.0131785615632384,0.0199527962607943,0.00488000052781659));
#3368=CARTESIAN_POINT('',(-0.018418202140754,0.0108734650235499,0.00488000052781659));
#3369=CARTESIAN_POINT('',(-0.00585043255378514,0.0096821273388853,0.00488000052781659));
#3370=CARTESIAN_POINT('',(-0.0137242676118742,0.0142144768805016,0.00488000052781659));
#3371=CARTESIAN_POINT('',(-0.00585046547859442,0.00966981394804252,0.00488000052781659));
#3372=CARTESIAN_POINT('',(-0.00585043255378514,0.0096698345854696,0.00488000052781659));
#3373=CARTESIAN_POINT('',(-0.0080102653820424,0.0176288788851101,0.00488000052781659));
#3374=CARTESIAN_POINT('',(-0.0113432109362365,0.019181610700678,0.00488000052781659));
#3375=CARTESIAN_POINT('',(0.0310593960042704,-0.0542601738621397,0.00488000052781659));
#3376=CARTESIAN_POINT('',(-0.0116643453293233,0.0155191763289854,0.00488000052781659));
#3377=CARTESIAN_POINT('',(-0.00585043255378514,0.0096821273388853,0.00488000052781659));
#3378=CARTESIAN_POINT('',(-0.00585043255378514,0.0096698345854696,0.00488000052781659));
#3379=CARTESIAN_POINT('',(0.0067173264662397,0.0108734635301722,0.00488000052781659));
#3380=CARTESIAN_POINT('',(0.0148056859817784,0.0205298610403485,0.00488000052781659));
#3381=CARTESIAN_POINT('',(-0.00585044053222628,0.0096698345854696,0.00488000052781659));
#3382=CARTESIAN_POINT('',(0.002023402692001,0.0142144735416506,0.00488000052781659));
#3383=CARTESIAN_POINT('',(-0.00585043255378514,0.0096821273388853,0.00488000052781659));
#3384=CARTESIAN_POINT('',(0.00147770017525842,0.0199527690859731,0.00488000052781659));
#3385=CARTESIAN_POINT('',(-0.00585043255378514,0.0096698345854696,0.00488000052781659));
#3386=CARTESIAN_POINT('',(0.0138707984541813,0.0221349527813187,0.00488000052781659));
#3387=CARTESIAN_POINT('',(0.0154473142118468,0.0219783871671686,0.00488000052781659));
#3388=CARTESIAN_POINT('',(-0.00585043255378514,0.0096698345854696,0.00488000052781659));
#3389=CARTESIAN_POINT('',(-0.000357652116195091,0.0191815923180161,0.00488000052781659));
#3390=CARTESIAN_POINT('',(-0.00369059404709268,0.0176288755396205,0.00488000052781659));
#3391=CARTESIAN_POINT('',(-0.00585043255378514,0.0096821273388853,0.00488000052781659));
#3392=CARTESIAN_POINT('',(-3.65196634727215E-5,0.0155191745605284,0.00488000052781659));
#3393=CARTESIAN_POINT('',(-0.04275961949687,-0.0542597072560684,0.00488000052781659));
#3394=CARTESIAN_POINT('',(-0.00585044053222628,0.0096698345854696,0.00488000052781659));
#3395=CARTESIAN_POINT('',(0.00118333475525839,-0.00251520225143371,0.00488000052781659));
#3396=CARTESIAN_POINT('',(0.00725742448871307,-0.00433706618829004,0.00488000052781659));
#3397=CARTESIAN_POINT('',(0.00871738820384235,-0.00372190712245143,0.00488000052781659));
#3398=CARTESIAN_POINT('',(0.00989963368463211,-0.00477652096122355,0.00488000052781659));
#3399=CARTESIAN_POINT('',(-0.00585044053222628,0.0096698345854696,0.00488000052781659));
#3400=CARTESIAN_POINT('',(0.00822045955629029,0.00966983458546959,0.00488000052781659));
#3401=CARTESIAN_POINT('',(-0.00585046547859442,0.00966981394804252,0.00488000052781659));
#3402=CARTESIAN_POINT('',(0.016677323865183,0.0209798928114506,0.00488000052781659));
#3403=CARTESIAN_POINT('',(0.0154473142118468,0.0219783871671686,0.00488000052781659));
#3404=CARTESIAN_POINT('',(0.0151799248748456,0.0235399305281291,0.00488000052781659));
#3405=CARTESIAN_POINT('',(-0.00585046547859442,0.00966981394804252,0.00488000052781659));
#3406=CARTESIAN_POINT('',(0.0011872479428665,0.0218563222604729,0.00488000052781659));
#3407=CARTESIAN_POINT('',(-0.00585043255378514,0.0096821273388853,0.00488000052781659));
#3408=CARTESIAN_POINT('',(-0.0117059655467174,0.0271256764948524,0.00488000052781659));
#3409=CARTESIAN_POINT('',(-0.0112920780568293,0.0255964244320807,0.00488000052781659));
#3410=CARTESIAN_POINT('',(-0.0123853366181249,0.0244498205580547,0.00488000052781659));
#3411=CARTESIAN_POINT('',(-0.00585043255378514,0.0096821273388853,0.00488000052781659));
#3412=CARTESIAN_POINT('',(-0.0128881132928273,0.0218563208257054,0.00488000052781659));
#3413=CARTESIAN_POINT('',(-0.00585044053222628,0.0096698345854696,0.00488000052781659));
#3414=CARTESIAN_POINT('',(-0.0199213406207428,0.00966983458546961,0.00488000052781659));
#3415=CARTESIAN_POINT('',(-0.00585046547859442,0.00966981394804252,0.00488000052781659));
#3416=CARTESIAN_POINT('',(-0.0128841978916938,-0.00251521389043804,0.00488000052781659));
#3417=CARTESIAN_POINT('',(-0.00585043255378514,0.0096821273388853,0.00488000052781659));
#3418=CARTESIAN_POINT('',(-0.00585043255378514,0.0096821273388853,0.00488000052781659));
#3419=CARTESIAN_POINT('',(-0.000607032139919899,0.0211563398142277,0.00488000052781659));
#3420=CARTESIAN_POINT('',(-0.0100419257286049,0.026569581090596,0.00488000052781659));
#3421=CARTESIAN_POINT('',(-0.00585046547859442,0.00966981394804252,0.00488000052781659));
#3422=CARTESIAN_POINT('',(-0.00585043255378514,0.0187604801080675,0.00488000052781659));
#3423=CARTESIAN_POINT('',(-0.00585044053222628,0.0096698345854696,0.00488000052781659));
#3424=CARTESIAN_POINT('',(-0.0110938330771992,0.0211563390398151,0.00488000052781659));
#3425=CARTESIAN_POINT('',(-0.00585043255378514,0.0096821273388853,0.00488000052781659));
#3426=CARTESIAN_POINT('',(-0.0105853579922708,0.0241785170034634,0.00488000052781659));
#3427=CARTESIAN_POINT('',(-0.0112920780568293,0.0255964244320806,0.00488000052781659));
#3428=CARTESIAN_POINT('',(-0.00585043255378514,0.0096698345854696,0.00488000052781659));
#3429=CARTESIAN_POINT('',(0.00147450301405166,-0.00061184088558876,0.00488000052781659));
#3430=CARTESIAN_POINT('',(0.00756505895218452,-0.00263468496412719,0.00488000052781659));
#3431=CARTESIAN_POINT('',(-0.00585043255378514,0.0096821273388853,0.00488000052781659));
#3432=CARTESIAN_POINT('',(0.00202196333880664,0.00512425141736594,0.00488000052781659));
#3433=CARTESIAN_POINT('',(-0.00585046547859442,0.00966981394804252,0.00488000052781659));
#3434=CARTESIAN_POINT('',(0.00671733073974335,0.00846620907533719,0.00488000052781659));
#3435=CARTESIAN_POINT('',(-0.00585043255378514,0.0096698345854696,0.00488000052781659));
#3436=CARTESIAN_POINT('',(0.0101863927207598,-0.00312866142707742,0.00488000052781659));
#3437=CARTESIAN_POINT('',(0.00871738820384235,-0.00372190712245143,0.00488000052781659));
#3438=CARTESIAN_POINT('',(-0.00585043255378514,0.0096698345854696,0.00488000052781659));
#3439=CARTESIAN_POINT('',(-0.0138237814780145,0.0117784180062056,0.00488000052781659));
#3440=CARTESIAN_POINT('',(-0.0168328868976175,0.0096698345854696,0.00488000052781659));
#3441=CARTESIAN_POINT('',(0.0679684760817585,0.00968228030485193,0.00488000052781659));
#3442=CARTESIAN_POINT('',(-0.0138231354481495,0.00756082643649149,0.00488000052781659));
#3443=CARTESIAN_POINT('',(-0.00585043255378514,0.0096698345854696,0.00488000052781659));
#3444=CARTESIAN_POINT('',(-0.00585043255378514,0.0096698345854696,0.00488000052781659));
#3445=CARTESIAN_POINT('',(-0.00369059443067948,0.00171078767147259,0.00488000052781659));
#3446=CARTESIAN_POINT('',(-0.000360278389253617,0.000159205603988616,0.00488000052781659));
#3447=CARTESIAN_POINT('',(-0.0427602681419088,0.073599697464563,0.00488000052781659));
#3448=CARTESIAN_POINT('',(-3.81855404752865E-5,0.00381947191583504,0.00488000052781659));
#3449=CARTESIAN_POINT('',(-0.00585043255378514,0.0096821273388853,0.00488000052781659));
#3450=CARTESIAN_POINT('',(-0.00585043255378514,0.0096698345854696,0.00488000052781659));
#3451=CARTESIAN_POINT('',(-0.0184181995151512,0.00846619942242365,0.00488000052781659));
#3452=CARTESIAN_POINT('',(-0.013175371848393,-0.000611813731770481,0.00488000052781659));
#3453=CARTESIAN_POINT('',(-0.00585044053222628,0.0096698345854696,0.00488000052781659));
#3454=CARTESIAN_POINT('',(-0.0137228279122174,0.00512424197041863,0.00488000052781659));
#3455=CARTESIAN_POINT('',(-0.00585043255378514,0.00968212733888536,0.00488000052781659));
#3456=CARTESIAN_POINT('',(-0.0128841978916938,-0.00251521389043804,0.00488000052781659));
#3457=CARTESIAN_POINT('',(-0.0128841978916938,-0.00251521389043804,0.0028000005278166));
#3458=CARTESIAN_POINT('',(-0.0122017800009538,-0.00654469972614426,0.00488000052781659));
#3459=CARTESIAN_POINT('',(-0.0122017800009538,-0.00654469972614426,0.0028000005278166));
#3460=CARTESIAN_POINT('',(-0.0101453281409068,-0.0133956428099214,0.00488000052781659));
#3461=CARTESIAN_POINT('',(-0.0101453281409068,-0.0133956428099214,0.00280000052781659));
#3462=CARTESIAN_POINT('',(-0.00585043038335669,-0.0171789916258557,0.00488000052781659));
#3463=CARTESIAN_POINT('',(-0.00585043038335669,-0.0171789916258557,0.0028000005278166));
#3464=CARTESIAN_POINT('',(-0.0015555332372104,-0.0133956357030133,0.00488000052781659));
#3465=CARTESIAN_POINT('',(-0.0015555332372104,-0.0133956357030133,0.00280000052781659));
#3466=CARTESIAN_POINT('',(0.000500917515698376,-0.00654468921635875,0.00488000052781659));
#3467=CARTESIAN_POINT('',(0.000500917515698376,-0.00654468921635875,0.0028000005278166));
#3468=CARTESIAN_POINT('',(0.00118333475525839,-0.00251520225143376,0.00488000052781659));
#3469=CARTESIAN_POINT('',(0.00118333475525839,-0.00251520225143376,0.0028000005278166));
#3470=CARTESIAN_POINT('',(0.00118333475525839,-0.00251520225143371,0.00488000052781659));
#3471=CARTESIAN_POINT('',(-0.0128841978916938,-0.00251521389043804,0.00488000052781659));
#3472=CARTESIAN_POINT('',(-0.0199213406207428,0.0096698345854696,0.00488000052781659));
#3473=CARTESIAN_POINT('',(-0.0199213406207428,0.0096698345854696,0.0028000005278166));
#3474=CARTESIAN_POINT('',(-0.0230727171197288,0.0070627926080702,0.00488000052781659));
#3475=CARTESIAN_POINT('',(-0.0230727171197288,0.0070627926080702,0.0028000005278166));
#3476=CARTESIAN_POINT('',(-0.0279829014833067,0.00185306103043004,0.00488000052781659));
#3477=CARTESIAN_POINT('',(-0.0279829014833067,0.00185306103043004,0.0028000005278166));
#3478=CARTESIAN_POINT('',(-0.0291138932261717,-0.00376161489437299,0.00488000052781659));
#3479=CARTESIAN_POINT('',(-0.0291138932261717,-0.00376161489437299,0.0028000005278166));
#3480=CARTESIAN_POINT('',(-0.0236850171683138,-0.00558886969890557,0.00488000052781659));
#3481=CARTESIAN_POINT('',(-0.0236850171683138,-0.00558886969890557,0.0028000005278166));
#3482=CARTESIAN_POINT('',(-0.0167177667918625,-0.00394101686241089,0.00488000052781659));
#3483=CARTESIAN_POINT('',(-0.0167177667918625,-0.00394101686241089,0.0028000005278166));
#3484=CARTESIAN_POINT('',(-0.0128841978916938,-0.00251521389043803,0.00488000052781659));
#3485=CARTESIAN_POINT('',(-0.0128841978916938,-0.00251521389043803,0.0028000005278166));
#3486=CARTESIAN_POINT('',(-0.0199213406207428,0.00966983458546961,0.00488000052781659));
#3487=CARTESIAN_POINT('',(-0.0128881132928273,0.0218563208257054,0.00488000052781659));
#3488=CARTESIAN_POINT('',(-0.0128881132928273,0.0218563208257054,0.0028000005278166));
#3489=CARTESIAN_POINT('',(-0.0167211056997434,0.0232815888255538,0.00488000052781659));
#3490=CARTESIAN_POINT('',(-0.0167211056997434,0.0232815888255538,0.0028000005278166));
#3491=CARTESIAN_POINT('',(-0.0236869421121484,0.0249284448530979,0.00488000052781659));
#3492=CARTESIAN_POINT('',(-0.0236869421121484,0.0249284448530979,0.0028000005278166));
#3493=CARTESIAN_POINT('',(-0.0291140031374942,0.0231004481856597,0.00488000052781659));
#3494=CARTESIAN_POINT('',(-0.0291140031374942,0.0231004481856597,0.00280000052781659));
#3495=CARTESIAN_POINT('',(-0.0279822786828554,0.0174859070855014,0.00488000052781659));
#3496=CARTESIAN_POINT('',(-0.0279822786828554,0.0174859070855014,0.0028000005278166));
#3497=CARTESIAN_POINT('',(-0.0230724267326083,0.0122766429073236,0.00488000052781659));
#3498=CARTESIAN_POINT('',(-0.0230724267326083,0.0122766429073236,0.0028000005278166));
#3499=CARTESIAN_POINT('',(-0.0199213406207429,0.00966983458546961,0.00488000052781659));
#3500=CARTESIAN_POINT('',(-0.0199213406207429,0.00966983458546961,0.0028000005278166));
#3501=CARTESIAN_POINT('',(-0.0128881132928273,0.0218563208257054,0.00488000052781659));
#3502=CARTESIAN_POINT('',(-0.0112920780568293,0.0255964244320807,0.00488000052781659));
#3503=CARTESIAN_POINT('',(-0.0123853366181249,0.0244498205580547,0.00488000052781659));
#3504=CARTESIAN_POINT('',(-0.0117059655467174,0.0271256764948524,0.00488000052781659));
#3505=CARTESIAN_POINT('',(0.0011872479428665,0.0218563222604729,0.00488000052781659));
#3506=CARTESIAN_POINT('',(0.0011872479428665,0.0218563222604729,0.0028000005278166));
#3507=CARTESIAN_POINT('',(0.000586022971855197,0.0254151161273774,0.00488000052781659));
#3508=CARTESIAN_POINT('',(0.000586022971855197,0.0254151161273774,0.0028000005278166));
#3509=CARTESIAN_POINT('',(-0.00115303820876289,0.0315998346526958,0.00488000052781659));
#3510=CARTESIAN_POINT('',(-0.00115303820876289,0.0315998346526958,0.0028000005278166));
#3511=CARTESIAN_POINT('',(-0.00479818764318581,0.036045267616207,0.00488000052781659));
#3512=CARTESIAN_POINT('',(-0.00479818764318581,0.036045267616207,0.0028000005278166));
#3513=CARTESIAN_POINT('',(-0.00867549380305463,0.0346742026735725,0.00488000052781659));
#3514=CARTESIAN_POINT('',(-0.00867549380305463,0.0346742026735725,0.0028000005278166));
#3515=CARTESIAN_POINT('',(-0.0108445124976099,0.0300866854398619,0.00488000052781659));
#3516=CARTESIAN_POINT('',(-0.0108445124976099,0.0300866854398619,0.0028000005278166));
#3517=CARTESIAN_POINT('',(-0.0117059655467174,0.0271256764948524,0.00488000052781659));
#3518=CARTESIAN_POINT('',(-0.0117059655467174,0.0271256764948524,0.0028000005278166));
#3519=CARTESIAN_POINT('',(0.0011872479428665,0.0218563222604729,0.00488000052781659));
#3520=CARTESIAN_POINT('',(0.0151799248748456,0.023539930528129,0.00488000052781659));
#3521=CARTESIAN_POINT('',(0.0151799248748456,0.023539930528129,0.0028000005278166));
#3522=CARTESIAN_POINT('',(0.0139866655391507,0.0241915472081247,0.00488000052781659));
#3523=CARTESIAN_POINT('',(0.0139866655391507,0.0241915472081247,0.00280000052781659));
#3524=CARTESIAN_POINT('',(0.0102011357431836,0.0245710896207562,0.00488000052781659));
#3525=CARTESIAN_POINT('',(0.0102011357431836,0.0245710896207562,0.0028000005278166));
#3526=CARTESIAN_POINT('',(0.00434876365818109,0.0230319083935834,0.00488000052781659));
#3527=CARTESIAN_POINT('',(0.00434876365818109,0.0230319083935834,0.00280000052781659));
#3528=CARTESIAN_POINT('',(0.00118724794286651,0.0218563222604729,0.00488000052781659));
#3529=CARTESIAN_POINT('',(0.00118724794286651,0.0218563222604729,0.0028000005278166));
#3530=CARTESIAN_POINT('',(0.0151799248748456,0.0235399305281291,0.00488000052781659));
#3531=CARTESIAN_POINT('',(0.0154473142118468,0.0219783871671686,0.00488000052781659));
#3532=CARTESIAN_POINT('',(0.016677323865183,0.0209798928114506,0.00488000052781659));
#3533=CARTESIAN_POINT('',(0.00822045955629029,0.0096698345854696,0.00488000052781659));
#3534=CARTESIAN_POINT('',(0.00822045955629029,0.0096698345854696,0.0028000005278166));
#3535=CARTESIAN_POINT('',(0.0108301899804113,0.0118287934400464,0.00488000052781659));
#3536=CARTESIAN_POINT('',(0.0108301899804113,0.0118287934400464,0.0028000005278166));
#3537=CARTESIAN_POINT('',(0.0151033659432647,0.0161451757832419,0.00488000052781659));
#3538=CARTESIAN_POINT('',(0.0151033659432647,0.0161451757832419,0.00280000052781659));
#3539=CARTESIAN_POINT('',(0.0166566828112842,0.0196210401598075,0.00488000052781659));
#3540=CARTESIAN_POINT('',(0.0166566828112842,0.0196210401598075,0.0028000005278166));
#3541=CARTESIAN_POINT('',(0.016677323865183,0.0209798928114506,0.00488000052781659));
#3542=CARTESIAN_POINT('',(0.016677323865183,0.0209798928114506,0.0028000005278166));
#3543=CARTESIAN_POINT('',(0.00822045955629029,0.00966983458546959,0.00488000052781659));
#3544=CARTESIAN_POINT('',(0.00989963368463211,-0.00477652096122354,0.00488000052781659));
#3545=CARTESIAN_POINT('',(0.00989963368463211,-0.00477652096122354,0.0028000005278166));
#3546=CARTESIAN_POINT('',(0.0121718839082805,-0.00502640945397018,0.00488000052781659));
#3547=CARTESIAN_POINT('',(0.0121718839082805,-0.00502640945397018,0.0028000005278166));
#3548=CARTESIAN_POINT('',(0.0157605410182627,-0.00465062165247483,0.00488000052781659));
#3549=CARTESIAN_POINT('',(0.0157605410182627,-0.00465062165247483,0.00280000052781659));
#3550=CARTESIAN_POINT('',(0.0173316403943861,-0.00156040155465865,0.00488000052781659));
#3551=CARTESIAN_POINT('',(0.0173316403943861,-0.00156040155465865,0.0028000005278166));
#3552=CARTESIAN_POINT('',(0.014811802168082,0.00351161627111972,0.00488000052781659));
#3553=CARTESIAN_POINT('',(0.014811802168082,0.00351161627111972,0.0028000005278166));
#3554=CARTESIAN_POINT('',(0.010702314639387,0.0076166629949217,0.00488000052781659));
#3555=CARTESIAN_POINT('',(0.010702314639387,0.0076166629949217,0.0028000005278166));
#3556=CARTESIAN_POINT('',(0.00822045955629032,0.00966983458546957,0.00488000052781659));
#3557=CARTESIAN_POINT('',(0.00822045955629032,0.00966983458546957,0.0028000005278166));
#3558=CARTESIAN_POINT('',(0.00989963368463211,-0.00477652096122355,0.00488000052781659));
#3559=CARTESIAN_POINT('',(0.00871738820384235,-0.00372190712245143,0.00488000052781659));
#3560=CARTESIAN_POINT('',(0.00725742448871307,-0.00433706618829004,0.00488000052781659));
#3561=CARTESIAN_POINT('',(-0.04275961949687,-0.0542597072560684,0.00446400052781659));
#3562=CARTESIAN_POINT('',(-3.65196634727215E-5,0.0155191745605284,0.00488000052781659));
#3563=CARTESIAN_POINT('',(-0.00369059404709268,0.0176288755396205,0.00488000052781659));
#3564=CARTESIAN_POINT('',(-3.65196634727269E-5,0.0155191745605284,0.00488000052781659));
#3565=CARTESIAN_POINT('',(-3.65196634727269E-5,0.0155191745605284,0.0028000005278166));
#3566=CARTESIAN_POINT('',(-0.000117817791544386,0.0167718268479611,0.00488000052781659));
#3567=CARTESIAN_POINT('',(-0.000117817791544386,0.0167718268479611,0.0028000005278166));
#3568=CARTESIAN_POINT('',(-0.000225344000265852,0.0179981304895843,0.00488000052781659));
#3569=CARTESIAN_POINT('',(-0.000225344000265852,0.0179981304895843,0.0028000005278166));
#3570=CARTESIAN_POINT('',(-0.000357652116195094,0.0191815923180161,0.00488000052781659));
#3571=CARTESIAN_POINT('',(-0.000357652116195094,0.0191815923180161,0.0028000005278166));
#3572=CARTESIAN_POINT('',(-0.000357652116195091,0.0191815923180161,0.00488000052781659));
#3573=CARTESIAN_POINT('',(-0.000357652116195087,0.0191815923180161,0.00488000052781659));
#3574=CARTESIAN_POINT('',(-0.000357652116195087,0.0191815923180161,0.0028000005278166));
#3575=CARTESIAN_POINT('',(-0.00144885612261218,0.0187046212259795,0.00488000052781659));
#3576=CARTESIAN_POINT('',(-0.00144885612261218,0.0187046212259795,0.0028000005278166));
#3577=CARTESIAN_POINT('',(-0.00256484312288296,0.0181847166564675,0.00488000052781659));
#3578=CARTESIAN_POINT('',(-0.00256484312288296,0.0181847166564675,0.0028000005278166));
#3579=CARTESIAN_POINT('',(-0.00369059404709268,0.0176288755396205,0.00488000052781659));
#3580=CARTESIAN_POINT('',(-0.00369059404709268,0.0176288755396205,0.0028000005278166));
#3581=CARTESIAN_POINT('',(-0.0137242676118742,0.0142144768805016,0.00488000052781659));
#3582=CARTESIAN_POINT('',(-0.0137242676118742,0.0142144768805016,0.0028000005278166));
#3583=CARTESIAN_POINT('',(-0.0153760398555169,0.0131324495698895,0.00488000052781659));
#3584=CARTESIAN_POINT('',(-0.0153760398555169,0.0131324495698895,0.0028000005278166));
#3585=CARTESIAN_POINT('',(-0.0169550705520561,0.0120085395010187,0.00488000052781659));
#3586=CARTESIAN_POINT('',(-0.0169550705520561,0.0120085395010187,0.0028000005278166));
#3587=CARTESIAN_POINT('',(-0.0184182021407541,0.0108734650235498,0.00488000052781659));
#3588=CARTESIAN_POINT('',(-0.0184182021407541,0.0108734650235498,0.0028000005278166));
#3589=CARTESIAN_POINT('',(-0.0137242676118742,0.0142144768805016,0.00488000052781659));
#3590=CARTESIAN_POINT('',(-0.018418202140754,0.0108734650235499,0.00488000052781659));
#3591=CARTESIAN_POINT('',(-0.0131785615632384,0.0199527962607944,0.00488000052781659));
#3592=CARTESIAN_POINT('',(-0.0131785615632384,0.0199527962607944,0.0028000005278166));
#3593=CARTESIAN_POINT('',(-0.0134298158913686,0.0181171691801888,0.00488000052781659));
#3594=CARTESIAN_POINT('',(-0.0134298158913686,0.0181171691801888,0.0028000005278166));
#3595=CARTESIAN_POINT('',(-0.0136133914413358,0.0161867981704522,0.00488000052781659));
#3596=CARTESIAN_POINT('',(-0.0136133914413358,0.0161867981704522,0.0028000005278166));
#3597=CARTESIAN_POINT('',(-0.0137242676118742,0.0142144768805015,0.00488000052781659));
#3598=CARTESIAN_POINT('',(-0.0137242676118742,0.0142144768805015,0.0028000005278166));
#3599=CARTESIAN_POINT('',(-0.0131785615632384,0.0199527962607943,0.00488000052781659));
#3600=CARTESIAN_POINT('',(-0.0131785615632384,0.0199527962607943,0.00488000052781659));
#3601=CARTESIAN_POINT('',(-0.0131785615632384,0.0199527962607943,0.0028000005278166));
#3602=CARTESIAN_POINT('',(-0.016598528924648,0.0213301296847565,0.00488000052781659));
#3603=CARTESIAN_POINT('',(-0.016598528924648,0.0213301296847565,0.0028000005278166));
#3604=CARTESIAN_POINT('',(-0.0227273008167431,0.0230923329792602,0.00488000052781659));
#3605=CARTESIAN_POINT('',(-0.0227273008167431,0.0230923329792602,0.0028000005278166));
#3606=CARTESIAN_POINT('',(-0.0272731698652128,0.0220379236293715,0.00488000052781659));
#3607=CARTESIAN_POINT('',(-0.0272731698652128,0.0220379236293715,0.0028000005278166));
#3608=CARTESIAN_POINT('',(-0.0259122858983774,0.0175733409579503,0.00488000052781659));
#3609=CARTESIAN_POINT('',(-0.0259122858983774,0.0175733409579503,0.0028000005278166));
#3610=CARTESIAN_POINT('',(-0.0213212054702623,0.0131466018168338,0.00488000052781659));
#3611=CARTESIAN_POINT('',(-0.0213212054702623,0.0131466018168338,0.0028000005278166));
#3612=CARTESIAN_POINT('',(-0.018418202140754,0.0108734650235499,0.00488000052781659));
#3613=CARTESIAN_POINT('',(-0.018418202140754,0.0108734650235499,0.0028000005278166));
#3614=CARTESIAN_POINT('',(0.00871738820384235,-0.00372190712245143,0.00488000052781659));
#3615=CARTESIAN_POINT('',(0.0101863927207598,-0.00312866142707742,0.00488000052781659));
#3616=CARTESIAN_POINT('',(0.00756505895218452,-0.00263468496412719,0.00488000052781659));
#3617=CARTESIAN_POINT('',(0.0101863927207598,-0.00312866142707741,0.00488000052781659));
#3618=CARTESIAN_POINT('',(0.0101863927207598,-0.00312866142707741,0.0028000005278166));
#3619=CARTESIAN_POINT('',(0.0119210976869729,-0.00333671271739041,0.00488000052781659));
#3620=CARTESIAN_POINT('',(0.0119210976869729,-0.00333671271739041,0.0028000005278166));
#3621=CARTESIAN_POINT('',(0.0145242664046878,-0.00306208388684982,0.00488000052781659));
#3622=CARTESIAN_POINT('',(0.0145242664046878,-0.00306208388684982,0.0028000005278166));
#3623=CARTESIAN_POINT('',(0.0152181055891585,-0.00064334403902447,0.00488000052781659));
#3624=CARTESIAN_POINT('',(0.0152181055891585,-0.00064334403902447,0.0028000005278166));
#3625=CARTESIAN_POINT('',(0.0125905018916231,0.00340126246840361,0.00488000052781659));
#3626=CARTESIAN_POINT('',(0.0125905018916231,0.00340126246840361,0.00280000052781659));
#3627=CARTESIAN_POINT('',(0.0089014778363637,0.00675595824840037,0.00488000052781659));
#3628=CARTESIAN_POINT('',(0.0089014778363637,0.00675595824840037,0.0028000005278166));
#3629=CARTESIAN_POINT('',(0.00671733073974332,0.00846620907533723,0.00488000052781659));
#3630=CARTESIAN_POINT('',(0.00671733073974332,0.00846620907533723,0.0028000005278166));
#3631=CARTESIAN_POINT('',(0.00671733073974335,0.00846620907533719,0.00488000052781659));
#3632=CARTESIAN_POINT('',(0.00202196333880664,0.00512425141736594,0.00488000052781659));
#3633=CARTESIAN_POINT('',(0.00202196333880664,0.00512425141736594,0.0028000005278166));
#3634=CARTESIAN_POINT('',(0.00367425585794124,0.00620657013034043,0.00488000052781659));
#3635=CARTESIAN_POINT('',(0.00367425585794124,0.00620657013034043,0.0028000005278166));
#3636=CARTESIAN_POINT('',(0.00525377694547491,0.00733080432623256,0.00488000052781659));
#3637=CARTESIAN_POINT('',(0.00525377694547491,0.00733080432623256,0.0028000005278166));
#3638=CARTESIAN_POINT('',(0.00671733073974339,0.00846620907533721,0.00488000052781659));
#3639=CARTESIAN_POINT('',(0.00671733073974339,0.00846620907533721,0.0028000005278166));
#3640=CARTESIAN_POINT('',(0.00202196333880664,0.00512425141736594,0.00488000052781659));
#3641=CARTESIAN_POINT('',(0.00147450301405168,-0.000611840885588761,0.00488000052781659));
#3642=CARTESIAN_POINT('',(0.00147450301405168,-0.000611840885588761,0.0028000005278166));
#3643=CARTESIAN_POINT('',(0.00172630651151127,0.00122283465652352,0.00488000052781659));
#3644=CARTESIAN_POINT('',(0.00172630651151127,0.00122283465652352,0.0028000005278166));
#3645=CARTESIAN_POINT('',(0.00191047192237729,0.00315245356765068,0.00488000052781659));
#3646=CARTESIAN_POINT('',(0.00191047192237729,0.00315245356765068,0.0028000005278166));
#3647=CARTESIAN_POINT('',(0.00202196333880665,0.00512425141736592,0.00488000052781659));
#3648=CARTESIAN_POINT('',(0.00202196333880665,0.00512425141736592,0.0028000005278166));
#3649=CARTESIAN_POINT('',(0.00147450301405166,-0.00061184088558876,0.00488000052781659));
#3650=CARTESIAN_POINT('',(0.00147450301405166,-0.000611840885588751,0.00488000052781659));
#3651=CARTESIAN_POINT('',(0.00147450301405166,-0.000611840885588751,0.0028000005278166));
#3652=CARTESIAN_POINT('',(0.00369159341294838,-0.00150487531253764,0.00488000052781659));
#3653=CARTESIAN_POINT('',(0.00369159341294838,-0.00150487531253764,0.0028000005278166));
#3654=CARTESIAN_POINT('',(0.00576198295157723,-0.00219250962064108,0.00488000052781659));
#3655=CARTESIAN_POINT('',(0.00576198295157723,-0.00219250962064108,0.0028000005278166));
#3656=CARTESIAN_POINT('',(0.00756505895218458,-0.0026346849641272,0.00488000052781659));
#3657=CARTESIAN_POINT('',(0.00756505895218458,-0.0026346849641272,0.0028000005278166));
#3658=CARTESIAN_POINT('',(0.0154473142118468,0.0219783871671686,0.00488000052781659));
#3659=CARTESIAN_POINT('',(0.0148056859817784,0.0205298610403485,0.00488000052781659));
#3660=CARTESIAN_POINT('',(0.0138707984541813,0.0221349527813187,0.00488000052781659));
#3661=CARTESIAN_POINT('',(0.0138707984541813,0.0221349527813188,0.00488000052781659));
#3662=CARTESIAN_POINT('',(0.0138707984541813,0.0221349527813188,0.0028000005278166));
#3663=CARTESIAN_POINT('',(0.0129426505572816,0.0226325070086019,0.00488000052781659));
#3664=CARTESIAN_POINT('',(0.0129426505572816,0.0226325070086019,0.0028000005278166));
#3665=CARTESIAN_POINT('',(0.00971453024365366,0.0227597023315435,0.00488000052781659));
#3666=CARTESIAN_POINT('',(0.00971453024365366,0.0227597023315435,0.0028000005278166));
#3667=CARTESIAN_POINT('',(0.00439405890599011,0.0211272661963555,0.00488000052781659));
#3668=CARTESIAN_POINT('',(0.00439405890599011,0.0211272661963555,0.0028000005278166));
#3669=CARTESIAN_POINT('',(0.00147770017525842,0.0199527690859731,0.00488000052781659));
#3670=CARTESIAN_POINT('',(0.00147770017525842,0.0199527690859731,0.0028000005278166));
#3671=CARTESIAN_POINT('',(0.00147770017525842,0.0199527690859731,0.00488000052781659));
#3672=CARTESIAN_POINT('',(0.002023402692001,0.0142144735416506,0.00488000052781659));
#3673=CARTESIAN_POINT('',(0.002023402692001,0.0142144735416506,0.0028000005278166));
#3674=CARTESIAN_POINT('',(0.00191252708771651,0.0161867862587512,0.00488000052781659));
#3675=CARTESIAN_POINT('',(0.00191252708771651,0.0161867862587512,0.0028000005278166));
#3676=CARTESIAN_POINT('',(0.00172895274051989,0.0181171490961049,0.00488000052781659));
#3677=CARTESIAN_POINT('',(0.00172895274051989,0.0181171490961049,0.0028000005278166));
#3678=CARTESIAN_POINT('',(0.00147770017525842,0.0199527690859731,0.00488000052781659));
#3679=CARTESIAN_POINT('',(0.00147770017525842,0.0199527690859731,0.0028000005278166));
#3680=CARTESIAN_POINT('',(0.002023402692001,0.0142144735416506,0.00488000052781659));
#3681=CARTESIAN_POINT('',(0.0067173264662397,0.0108734635301722,0.00488000052781659));
#3682=CARTESIAN_POINT('',(0.0067173264662397,0.0108734635301722,0.0028000005278166));
#3683=CARTESIAN_POINT('',(0.0052541990575519,0.0120085372420998,0.00488000052781659));
#3684=CARTESIAN_POINT('',(0.0052541990575519,0.0120085372420998,0.0028000005278166));
#3685=CARTESIAN_POINT('',(0.00367517193902255,0.0131324467185075,0.00488000052781659));
#3686=CARTESIAN_POINT('',(0.00367517193902255,0.0131324467185075,0.0028000005278166));
#3687=CARTESIAN_POINT('',(0.00202340269200102,0.0142144735416506,0.00488000052781659));
#3688=CARTESIAN_POINT('',(0.00202340269200102,0.0142144735416506,0.0028000005278166));
#3689=CARTESIAN_POINT('',(0.0067173264662397,0.0108734635301722,0.00488000052781659));
#3690=CARTESIAN_POINT('',(0.0067173264662397,0.0108734635301722,0.00488000052781659));
#3691=CARTESIAN_POINT('',(0.0067173264662397,0.0108734635301722,0.0028000005278166));
#3692=CARTESIAN_POINT('',(0.00919840442958781,0.0128162326084236,0.00488000052781659));
#3693=CARTESIAN_POINT('',(0.00919840442958781,0.0128162326084236,0.0028000005278166));
#3694=CARTESIAN_POINT('',(0.0132799594525526,0.0166161176145119,0.00488000052781659));
#3695=CARTESIAN_POINT('',(0.0132799594525526,0.0166161176145119,0.00280000052781659));
#3696=CARTESIAN_POINT('',(0.0147784996692954,0.0194781048552916,0.00488000052781659));
#3697=CARTESIAN_POINT('',(0.0147784996692954,0.0194781048552916,0.0028000005278166));
#3698=CARTESIAN_POINT('',(0.0148056859817784,0.0205298610403484,0.00488000052781659));
#3699=CARTESIAN_POINT('',(0.0148056859817784,0.0205298610403484,0.0028000005278166));
#3700=CARTESIAN_POINT('',(-0.0796633686429836,0.00968193398902934,0.00446400052781659));
#3701=CARTESIAN_POINT('',(0.00212227016911165,0.00756081983774843,0.00488000052781659));
#3702=CARTESIAN_POINT('',(0.00212291653982201,0.0117784114095639,0.00488000052781659));
#3703=CARTESIAN_POINT('',(0.00212227016911165,0.00756081983774844,0.00488000052781659));
#3704=CARTESIAN_POINT('',(0.00212227016911165,0.00756081983774844,0.0028000005278166));
#3705=CARTESIAN_POINT('',(0.00316600598630732,0.00825748655997002,0.00488000052781659));
#3706=CARTESIAN_POINT('',(0.00316600598630732,0.00825748655997002,0.0028000005278166));
#3707=CARTESIAN_POINT('',(0.00417377299579861,0.00896365628856155,0.00488000052781659));
#3708=CARTESIAN_POINT('',(0.00417377299579861,0.00896365628856155,0.0028000005278166));
#3709=CARTESIAN_POINT('',(0.00513202179004722,0.00966983458546961,0.00488000052781659));
#3710=CARTESIAN_POINT('',(0.00513202179004722,0.00966983458546961,0.0028000005278166));
#3711=CARTESIAN_POINT('',(0.0051320217900472,0.00966983458546959,0.00488000052781659));
#3712=CARTESIAN_POINT('',(0.00513202179004721,0.0096698345854696,0.00488000052781659));
#3713=CARTESIAN_POINT('',(0.00513202179004721,0.0096698345854696,0.0028000005278166));
#3714=CARTESIAN_POINT('',(0.00417397032835256,0.0103758642018354,0.00488000052781659));
#3715=CARTESIAN_POINT('',(0.00417397032835256,0.0103758642018354,0.0028000005278166));
#3716=CARTESIAN_POINT('',(0.00316642270110821,0.0110818852592967,0.00488000052781659));
#3717=CARTESIAN_POINT('',(0.00316642270110821,0.0110818852592967,0.0028000005278166));
#3718=CARTESIAN_POINT('',(0.00212291936988166,0.0117784095205377,0.00488000052781659));
#3719=CARTESIAN_POINT('',(0.00212291936988166,0.0117784095205377,0.0028000005278166));
#3720=CARTESIAN_POINT('',(-0.0113405887779096,0.000159223972370561,0.00488000052781659));
#3721=CARTESIAN_POINT('',(-0.0113405887779096,0.000159223972370561,0.0028000005278166));
#3722=CARTESIAN_POINT('',(-0.0102502225712121,0.000635880165652154,0.00488000052781659));
#3723=CARTESIAN_POINT('',(-0.0102502225712121,0.000635880165652154,0.0028000005278166));
#3724=CARTESIAN_POINT('',(-0.00913512509503892,0.0011553955085945,0.00488000052781659));
#3725=CARTESIAN_POINT('',(-0.00913512509503892,0.0011553955085945,0.0028000005278166));
#3726=CARTESIAN_POINT('',(-0.00801027942090664,0.00171078950334557,0.00488000052781659));
#3727=CARTESIAN_POINT('',(-0.00801027942090664,0.00171078950334557,0.0028000005278166));
#3728=CARTESIAN_POINT('',(-0.0113405887779096,0.000159223972370551,0.00488000052781659));
#3729=CARTESIAN_POINT('',(-0.00801027942090662,0.00171078950334556,0.00488000052781659));
#3730=CARTESIAN_POINT('',(0.0310589057252085,0.0735996625050902,0.00446400052781659));
#3731=CARTESIAN_POINT('',(-0.0116626790836711,0.00381946450184233,0.00488000052781659));
#3732=CARTESIAN_POINT('',(-0.0116626790836711,0.00381946450184234,0.00488000052781659));
#3733=CARTESIAN_POINT('',(-0.0116626790836711,0.00381946450184234,0.0028000005278166));
#3734=CARTESIAN_POINT('',(-0.0115810416665324,0.00256743938732645,0.00488000052781659));
#3735=CARTESIAN_POINT('',(-0.0115810416665324,0.00256743938732645,0.0028000005278166));
#3736=CARTESIAN_POINT('',(-0.0114731949427383,0.00134186711041966,0.00488000052781659));
#3737=CARTESIAN_POINT('',(-0.0114731949427383,0.00134186711041966,0.0028000005278166));
#3738=CARTESIAN_POINT('',(-0.0113405887779096,0.000159223972370526,0.00488000052781659));
#3739=CARTESIAN_POINT('',(-0.0113405887779096,0.000159223972370526,0.0028000005278166));
#3740=CARTESIAN_POINT('',(-0.00585043255378514,0.000579181011955872,0.00488000052781659));
#3741=CARTESIAN_POINT('',(-0.00585043255378514,0.000579181011955872,0.0028000005278166));
#3742=CARTESIAN_POINT('',(-0.00408758313730846,-0.000310250144995518,0.00488000052781659));
#3743=CARTESIAN_POINT('',(-0.00408758313730846,-0.000310250144995518,0.0028000005278166));
#3744=CARTESIAN_POINT('',(-0.00232482278958826,-0.00111575919967748,0.00488000052781659));
#3745=CARTESIAN_POINT('',(-0.00232482278958826,-0.00111575919967748,0.0028000005278166));
#3746=CARTESIAN_POINT('',(-0.000610325129779737,-0.0018153327873825,0.00488000052781659));
#3747=CARTESIAN_POINT('',(-0.000610325129779737,-0.0018153327873825,0.0028000005278166));
#3748=CARTESIAN_POINT('',(-0.00585043255378514,0.000579181011955872,0.00488000052781659));
#3749=CARTESIAN_POINT('',(-0.000610325129779786,-0.00181533278738248,0.00488000052781659));
#3750=CARTESIAN_POINT('',(-0.0110905388095906,-0.00181534102364,0.00488000052781659));
#3751=CARTESIAN_POINT('',(-0.0110905388095906,-0.00181534102364,0.0028000005278166));
#3752=CARTESIAN_POINT('',(-0.00937604098292785,-0.00111576402476662,0.00488000052781659));
#3753=CARTESIAN_POINT('',(-0.00937604098292785,-0.00111576402476662,0.0028000005278166));
#3754=CARTESIAN_POINT('',(-0.00761328111353985,-0.000310252238428823,0.00488000052781659));
#3755=CARTESIAN_POINT('',(-0.00761328111353985,-0.000310252238428823,0.0028000005278166));
#3756=CARTESIAN_POINT('',(-0.00585043255378508,0.00057918101195591,0.00488000052781659));
#3757=CARTESIAN_POINT('',(-0.00585043255378508,0.00057918101195591,0.0028000005278166));
#3758=CARTESIAN_POINT('',(-0.0110905388095906,-0.00181534102364001,0.00488000052781659));
#3759=CARTESIAN_POINT('',(-0.0110905388095906,-0.00181534102364,0.00488000052781659));
#3760=CARTESIAN_POINT('',(-0.0110905388095906,-0.00181534102364,0.0028000005278166));
#3761=CARTESIAN_POINT('',(-0.0105731544488833,-0.00546309755175946,0.00488000052781659));
#3762=CARTESIAN_POINT('',(-0.0105731544488833,-0.00546309755175946,0.0028000005278166));
#3763=CARTESIAN_POINT('',(-0.0090350752635322,-0.0116466752883131,0.00488000052781659));
#3764=CARTESIAN_POINT('',(-0.0090350752635322,-0.0116466752883131,0.0028000005278166));
#3765=CARTESIAN_POINT('',(-0.00585043129715029,-0.0150535610372872,0.00488000052781659));
#3766=CARTESIAN_POINT('',(-0.00585043129715029,-0.0150535610372872,0.00280000052781659));
#3767=CARTESIAN_POINT('',(-0.00266578767692525,-0.0116466702827765,0.00488000052781659));
#3768=CARTESIAN_POINT('',(-0.00266578767692525,-0.0116466702827765,0.0028000005278166));
#3769=CARTESIAN_POINT('',(-0.00112770911985675,-0.00546309012871237,0.00488000052781659));
#3770=CARTESIAN_POINT('',(-0.00112770911985675,-0.00546309012871237,0.0028000005278166));
#3771=CARTESIAN_POINT('',(-0.000610325129779787,-0.00181533278738253,0.00488000052781659));
#3772=CARTESIAN_POINT('',(-0.000610325129779787,-0.00181533278738253,0.0028000005278166));
#3773=CARTESIAN_POINT('',(-0.0112920780568293,0.0255964244320806,0.00488000052781659));
#3774=CARTESIAN_POINT('',(-0.0105853579922708,0.0241785170034634,0.00488000052781659));
#3775=CARTESIAN_POINT('',(-0.0100419257286049,0.026569581090596,0.00488000052781659));
#3776=CARTESIAN_POINT('',(-0.0105853579922708,0.0241785170034634,0.00488000052781659));
#3777=CARTESIAN_POINT('',(-0.0105853579922708,0.0241785170034634,0.0028000005278166));
#3778=CARTESIAN_POINT('',(-0.0107742006128227,0.0232243421105978,0.00488000052781659));
#3779=CARTESIAN_POINT('',(-0.0107742006128227,0.0232243421105978,0.0028000005278166));
#3780=CARTESIAN_POINT('',(-0.010944359983794,0.0222129810498486,0.00488000052781659));
#3781=CARTESIAN_POINT('',(-0.010944359983794,0.0222129810498486,0.0028000005278166));
#3782=CARTESIAN_POINT('',(-0.0110938330771992,0.0211563390398151,0.00488000052781659));
#3783=CARTESIAN_POINT('',(-0.0110938330771992,0.0211563390398151,0.0028000005278166));
#3784=CARTESIAN_POINT('',(-0.0110938330771992,0.0211563390398151,0.00488000052781659));
#3785=CARTESIAN_POINT('',(-0.00585043255378515,0.0187604801080675,0.00488000052781659));
#3786=CARTESIAN_POINT('',(-0.00585043255378515,0.0187604801080675,0.0028000005278166));
#3787=CARTESIAN_POINT('',(-0.00761441049716076,0.0196504811581514,0.00488000052781659));
#3788=CARTESIAN_POINT('',(-0.00761441049716076,0.0196504811581514,0.0028000005278166));
#3789=CARTESIAN_POINT('',(-0.00937829923417896,0.020456452124192,0.00488000052781659));
#3790=CARTESIAN_POINT('',(-0.00937829923417896,0.020456452124192,0.0028000005278166));
#3791=CARTESIAN_POINT('',(-0.0110938330771992,0.0211563390398151,0.00488000052781659));
#3792=CARTESIAN_POINT('',(-0.0110938330771992,0.0211563390398151,0.0028000005278166));
#3793=CARTESIAN_POINT('',(-0.00585043255378514,0.0187604801080675,0.00488000052781659));
#3794=CARTESIAN_POINT('',(-0.000607032139919903,0.0211563398142277,0.00488000052781659));
#3795=CARTESIAN_POINT('',(-0.000607032139919903,0.0211563398142277,0.0028000005278166));
#3796=CARTESIAN_POINT('',(-0.00232256569957887,0.0204564524366116,0.00488000052781659));
#3797=CARTESIAN_POINT('',(-0.00232256569957887,0.0204564524366116,0.0028000005278166));
#3798=CARTESIAN_POINT('',(-0.00408645433491107,0.0196504812396816,0.00488000052781659));
#3799=CARTESIAN_POINT('',(-0.00408645433491107,0.0196504812396816,0.0028000005278166));
#3800=CARTESIAN_POINT('',(-0.00585043255378513,0.0187604801080675,0.00488000052781659));
#3801=CARTESIAN_POINT('',(-0.00585043255378513,0.0187604801080675,0.0028000005278166));
#3802=CARTESIAN_POINT('',(-0.000607032139919899,0.0211563398142277,0.00488000052781659));
#3803=CARTESIAN_POINT('',(-0.000607032139919898,0.0211563398142277,0.00488000052781659));
#3804=CARTESIAN_POINT('',(-0.000607032139919898,0.0211563398142277,0.0028000005278166));
#3805=CARTESIAN_POINT('',(-0.00105348720517394,0.0243123803102003,0.00488000052781659));
#3806=CARTESIAN_POINT('',(-0.00105348720517394,0.0243123803102003,0.0028000005278166));
#3807=CARTESIAN_POINT('',(-0.00232092639196045,0.0298012401563489,0.00488000052781659));
#3808=CARTESIAN_POINT('',(-0.00232092639196045,0.0298012401563489,0.00280000052781659));
#3809=CARTESIAN_POINT('',(-0.00495332387320561,0.0338700937522325,0.00488000052781659));
#3810=CARTESIAN_POINT('',(-0.00495332387320561,0.0338700937522325,0.0028000005278166));
#3811=CARTESIAN_POINT('',(-0.00777155331773577,0.0329285206475752,0.00488000052781659));
#3812=CARTESIAN_POINT('',(-0.00777155331773577,0.0329285206475752,0.00280000052781659));
#3813=CARTESIAN_POINT('',(-0.00938484453171262,0.0290924710387571,0.00488000052781659));
#3814=CARTESIAN_POINT('',(-0.00938484453171262,0.0290924710387571,0.0028000005278166));
#3815=CARTESIAN_POINT('',(-0.0100419257286049,0.026569581090596,0.00488000052781659));
#3816=CARTESIAN_POINT('',(-0.0100419257286049,0.026569581090596,0.0028000005278166));
#3817=CARTESIAN_POINT('',(-0.0113432109362365,0.019181610700678,0.00488000052781659));
#3818=CARTESIAN_POINT('',(-0.0113432109362365,0.019181610700678,0.0028000005278166));
#3819=CARTESIAN_POINT('',(-0.0114755199309825,0.0179981437444139,0.00488000052781659));
#3820=CARTESIAN_POINT('',(-0.0114755199309825,0.0179981437444139,0.0028000005278166));
#3821=CARTESIAN_POINT('',(-0.0115830467939451,0.0167718344880026,0.00488000052781659));
#3822=CARTESIAN_POINT('',(-0.0115830467939451,0.0167718344880026,0.0028000005278166));
#3823=CARTESIAN_POINT('',(-0.0116643453293233,0.0155191763289855,0.00488000052781659));
#3824=CARTESIAN_POINT('',(-0.0116643453293233,0.0155191763289855,0.0028000005278166));
#3825=CARTESIAN_POINT('',(-0.0113432109362365,0.019181610700678,0.00488000052781659));
#3826=CARTESIAN_POINT('',(-0.0116643453293233,0.0155191763289854,0.00488000052781659));
#3827=CARTESIAN_POINT('',(0.0310593960042704,-0.0542601738621397,0.00446400052781659));
#3828=CARTESIAN_POINT('',(-0.0080102653820424,0.0176288788851101,0.00488000052781659));
#3829=CARTESIAN_POINT('',(-0.00801026538204239,0.0176288788851102,0.00488000052781659));
#3830=CARTESIAN_POINT('',(-0.00801026538204239,0.0176288788851102,0.0028000005278166));
#3831=CARTESIAN_POINT('',(-0.00913601716502076,0.0181847242003605,0.00488000052781659));
#3832=CARTESIAN_POINT('',(-0.00913601716502076,0.0181847242003605,0.0028000005278166));
#3833=CARTESIAN_POINT('',(-0.0102520052672817,0.0187046337530369,0.00488000052781659));
#3834=CARTESIAN_POINT('',(-0.0102520052672817,0.0187046337530369,0.0028000005278166));
#3835=CARTESIAN_POINT('',(-0.0113432109362365,0.019181610700678,0.00488000052781659));
#3836=CARTESIAN_POINT('',(-0.0113432109362365,0.019181610700678,0.0028000005278166));
#3837=CARTESIAN_POINT('',(-0.000360278389253619,0.000159205603988615,0.00488000052781659));
#3838=CARTESIAN_POINT('',(-0.000360278389253619,0.000159205603988615,0.0028000005278166));
#3839=CARTESIAN_POINT('',(-0.000227671020366634,0.00134185675554958,0.00488000052781659));
#3840=CARTESIAN_POINT('',(-0.000227671020366634,0.00134185675554958,0.0028000005278166));
#3841=CARTESIAN_POINT('',(-0.000119823438169315,0.00256743774385216,0.00488000052781659));
#3842=CARTESIAN_POINT('',(-0.000119823438169315,0.00256743774385216,0.0028000005278166));
#3843=CARTESIAN_POINT('',(-3.81855404752891E-5,0.00381947191583506,0.00488000052781659));
#3844=CARTESIAN_POINT('',(-3.81855404752891E-5,0.00381947191583506,0.0028000005278166));
#3845=CARTESIAN_POINT('',(-0.000360278389253617,0.000159205603988616,0.00488000052781659));
#3846=CARTESIAN_POINT('',(-3.81855404752865E-5,0.00381947191583504,0.00488000052781659));
#3847=CARTESIAN_POINT('',(-0.0427602681419088,0.073599697464563,0.00446400052781659));
#3848=CARTESIAN_POINT('',(-0.00369059443067948,0.00171078767147259,0.00488000052781659));
#3849=CARTESIAN_POINT('',(-0.00369059443067947,0.00171078767147259,0.00488000052781659));
#3850=CARTESIAN_POINT('',(-0.00369059443067947,0.00171078767147259,0.0028000005278166));
#3851=CARTESIAN_POINT('',(-0.00256574685911613,0.0011553889121904,0.00488000052781659));
#3852=CARTESIAN_POINT('',(-0.00256574685911613,0.0011553889121904,0.0028000005278166));
#3853=CARTESIAN_POINT('',(-0.0014506472466521,0.000635868079742095,0.00488000052781659));
#3854=CARTESIAN_POINT('',(-0.0014506472466521,0.000635868079742095,0.0028000005278166));
#3855=CARTESIAN_POINT('',(-0.000360278389253546,0.000159205603988591,0.00488000052781659));
#3856=CARTESIAN_POINT('',(-0.000360278389253546,0.000159205603988591,0.0028000005278166));
#3857=CARTESIAN_POINT('',(-0.0137228279122174,0.00512424197041863,0.00488000052781659));
#3858=CARTESIAN_POINT('',(-0.0137228279122174,0.00512424197041863,0.0028000005278166));
#3859=CARTESIAN_POINT('',(-0.013611336992795,0.00315245713123171,0.00488000052781659));
#3860=CARTESIAN_POINT('',(-0.013611336992795,0.00315245713123171,0.0028000005278166));
#3861=CARTESIAN_POINT('',(-0.0134271730372486,0.00122285076251229,0.00488000052781659));
#3862=CARTESIAN_POINT('',(-0.0134271730372486,0.00122285076251229,0.0028000005278166));
#3863=CARTESIAN_POINT('',(-0.013175371848393,-0.000611813731770503,0.00488000052781659));
#3864=CARTESIAN_POINT('',(-0.013175371848393,-0.000611813731770503,0.0028000005278166));
#3865=CARTESIAN_POINT('',(-0.0137228279122174,0.00512424197041863,0.00488000052781659));
#3866=CARTESIAN_POINT('',(-0.013175371848393,-0.000611813731770481,0.00488000052781659));
#3867=CARTESIAN_POINT('',(-0.0184181995151511,0.00846619942242366,0.00488000052781659));
#3868=CARTESIAN_POINT('',(-0.0184181995151511,0.00846619942242366,0.0028000005278166));
#3869=CARTESIAN_POINT('',(-0.0169546445026806,0.00733079434907043,0.00488000052781659));
#3870=CARTESIAN_POINT('',(-0.0169546445026806,0.00733079434907043,0.0028000005278166));
#3871=CARTESIAN_POINT('',(-0.0153751219254132,0.00620656016824207,0.00488000052781659));
#3872=CARTESIAN_POINT('',(-0.0153751219254132,0.00620656016824207,0.0028000005278166));
#3873=CARTESIAN_POINT('',(-0.0137228279122174,0.00512424197041867,0.00488000052781659));
#3874=CARTESIAN_POINT('',(-0.0137228279122174,0.00512424197041867,0.0028000005278166));
#3875=CARTESIAN_POINT('',(-0.0184181995151512,0.00846619942242365,0.00488000052781659));
#3876=CARTESIAN_POINT('',(-0.0184181995151511,0.00846619942242364,0.00488000052781659));
#3877=CARTESIAN_POINT('',(-0.0184181995151511,0.00846619942242364,0.0028000005278166));
#3878=CARTESIAN_POINT('',(-0.0213213567533867,0.00619292706524922,0.00488000052781659));
#3879=CARTESIAN_POINT('',(-0.0213213567533867,0.00619292706524922,0.0028000005278166));
#3880=CARTESIAN_POINT('',(-0.0259125665673163,0.0017659354855621,0.00488000052781659));
#3881=CARTESIAN_POINT('',(-0.0259125665673163,0.0017659354855621,0.00280000052781659));
#3882=CARTESIAN_POINT('',(-0.0272727966757146,-0.0026986145130225,0.00488000052781659));
#3883=CARTESIAN_POINT('',(-0.0272727966757146,-0.0026986145130225,0.0028000005278166));
#3884=CARTESIAN_POINT('',(-0.0227255516243668,-0.00375241556727704,0.00488000052781659));
#3885=CARTESIAN_POINT('',(-0.0227255516243668,-0.00375241556727704,0.0028000005278166));
#3886=CARTESIAN_POINT('',(-0.0165957521465288,-0.00198950873262681,0.00488000052781659));
#3887=CARTESIAN_POINT('',(-0.0165957521465288,-0.00198950873262681,0.0028000005278166));
#3888=CARTESIAN_POINT('',(-0.013175371848393,-0.000611813731770479,0.00488000052781659));
#3889=CARTESIAN_POINT('',(-0.013175371848393,-0.000611813731770479,0.0028000005278166));
#3890=CARTESIAN_POINT('',(-0.0490761242954874,0.0845371580124877,0.00446400052781659));
#3891=CARTESIAN_POINT('',(-0.0490761242954874,0.0845371580124877,0.0028000005278166));
#3892=CARTESIAN_POINT('',(-0.00585036046574714,0.00281489333435499,0.0028000005278166));
#3893=CARTESIAN_POINT('',(8.59524289651394E-5,0.00624229601678391,0.0028000005278166));
#3894=CARTESIAN_POINT('',(-0.00585036046574714,0.00281489333435498,0.00488000052781659));
#3895=CARTESIAN_POINT('',(8.59524289651374E-5,0.00624229601678391,0.00488000052781659));
#3896=CARTESIAN_POINT('',(-0.0922925922913537,0.00968114998330533,0.00446400052781659));
#3897=CARTESIAN_POINT('',(-0.0922925922913537,0.00968114998330533,0.0028000005278166));
#3898=CARTESIAN_POINT('',(8.6809330401609E-5,0.0130969071839036,0.0028000005278166));
#3899=CARTESIAN_POINT('',(8.68093304016058E-5,0.0130969071839036,0.00488000052781659));
#3900=CARTESIAN_POINT('',(-0.0490756759739193,-0.0652001873978025,0.00446400052781659));
#3901=CARTESIAN_POINT('',(-0.0490756759739193,-0.0652001873978025,0.0028000005278166));
#3902=CARTESIAN_POINT('',(-0.00585050509778742,0.0165247756426504,0.0028000005278166));
#3903=CARTESIAN_POINT('',(-0.00585050509778741,0.0165247756426504,0.00488000052781659));
#3904=CARTESIAN_POINT('',(0.0373753462440399,-0.0651976445681238,0.00446400052781659));
#3905=CARTESIAN_POINT('',(0.0373753462440399,-0.0651976445681238,0.0028000005278166));
#3906=CARTESIAN_POINT('',(-0.0117877551870583,0.0130967846526558,0.0028000005278166));
#3907=CARTESIAN_POINT('',(-0.0117877551870583,0.0130967846526558,0.00488000052781659));
#3908=CARTESIAN_POINT('',(0.0806053356897572,0.00968297230104406,0.00446400052781659));
#3909=CARTESIAN_POINT('',(0.0806053356897572,0.00968297230104406,0.0028000005278166));
#3910=CARTESIAN_POINT('',(-0.0117867545233739,0.00624218422385212,0.0028000005278166));
#3911=CARTESIAN_POINT('',(-0.0117867545233739,0.00624218422385213,0.00488000052781659));
#3912=CARTESIAN_POINT('',(0.0373750243022966,0.0845402195266327,0.00446400052781659));
#3913=CARTESIAN_POINT('',(0.0373750243022966,0.0845402195266327,0.0028000005278166));
#3914=CARTESIAN_POINT('',(-0.00785332391549855,0.0125466787287199,0.0028000005278166));
#3915=CARTESIAN_POINT('',(-0.0168328868976175,0.00966983458546961,0.00488000052781659));
#3916=CARTESIAN_POINT('',(-0.0168328868976175,0.00966983458546961,0.0028000005278166));
#3917=CARTESIAN_POINT('',(-0.0158746368104456,0.00896365859338694,0.00488000052781659));
#3918=CARTESIAN_POINT('',(-0.0158746368104456,0.00896365859338694,0.0028000005278166));
#3919=CARTESIAN_POINT('',(-0.014866869993658,0.00825749116908006,0.00488000052781659));
#3920=CARTESIAN_POINT('',(-0.014866869993658,0.00825749116908006,0.0028000005278166));
#3921=CARTESIAN_POINT('',(-0.0138231354481495,0.00756082643649145,0.00488000052781659));
#3922=CARTESIAN_POINT('',(-0.0138231354481495,0.00756082643649145,0.0028000005278166));
#3923=CARTESIAN_POINT('',(-0.0168328868976175,0.0096698345854696,0.00488000052781659));
#3924=CARTESIAN_POINT('',(-0.0138231354481495,0.00756082643649149,0.00488000052781659));
#3925=CARTESIAN_POINT('',(0.0679684760817585,0.00968228030485193,0.00446400052781659));
#3926=CARTESIAN_POINT('',(-0.0138237814780145,0.0117784180062056,0.00488000052781659));
#3927=CARTESIAN_POINT('',(-0.0138237814780145,0.0117784180062056,0.00488000052781659));
#3928=CARTESIAN_POINT('',(-0.0138237814780145,0.0117784180062056,0.0028000005278166));
#3929=CARTESIAN_POINT('',(-0.0148672870879534,0.0110818911433668,0.00488000052781659));
#3930=CARTESIAN_POINT('',(-0.0148672870879534,0.0110818911433668,0.0028000005278166));
#3931=CARTESIAN_POINT('',(-0.0158748358628754,0.0103758671441598,0.00488000052781659));
#3932=CARTESIAN_POINT('',(-0.0158748358628754,0.0103758671441598,0.0028000005278166));
#3933=CARTESIAN_POINT('',(-0.0168328868976175,0.00966983458546961,0.00488000052781659));
#3934=CARTESIAN_POINT('',(-0.0168328868976175,0.00966983458546961,0.0028000005278166));
#3935=CARTESIAN_POINT('',(-0.0123853366181348,0.0244498205580568,0.00488000052781659));
#3936=CARTESIAN_POINT('',(-0.0123853366181348,0.0244498205580568,0.0028000005278166));
#3937=CARTESIAN_POINT('',(-0.0125688438126224,0.0236183321901763,0.00488000052781659));
#3938=CARTESIAN_POINT('',(-0.0125688438126224,0.0236183321901763,0.0028000005278166));
#3939=CARTESIAN_POINT('',(-0.0127368336001388,0.0227517815109347,0.00488000052781659));
#3940=CARTESIAN_POINT('',(-0.0127368336001388,0.0227517815109347,0.0028000005278166));
#3941=CARTESIAN_POINT('',(-0.0128881132928273,0.0218563208257054,0.00488000052781659));
#3942=CARTESIAN_POINT('',(-0.0128881132928273,0.0218563208257054,0.0028000005278166));
#3943=CARTESIAN_POINT('',(0.00118333475525839,-0.00251520225143371,0.00488000052781659));
#3944=CARTESIAN_POINT('',(0.00118333475525839,-0.00251520225143371,0.0028000005278166));
#3945=CARTESIAN_POINT('',(0.00334823673806434,-0.00332038026828217,0.00488000052781659));
#3946=CARTESIAN_POINT('',(0.00334823673806434,-0.00332038026828217,0.0028000005278166));
#3947=CARTESIAN_POINT('',(0.00540405675425914,-0.00393700341883324,0.00488000052781659));
#3948=CARTESIAN_POINT('',(0.00540405675425914,-0.00393700341883324,0.0028000005278166));
#3949=CARTESIAN_POINT('',(0.00725742448871305,-0.00433706618829003,0.00488000052781659));
#3950=CARTESIAN_POINT('',(0.00725742448871305,-0.00433706618829003,0.0028000005278166));
#3951=CARTESIAN_POINT('',(-0.0289660417472506,0.0327977365323507,0.0028000005278166));
#3952=CARTESIAN_POINT('',(-0.0347210395752258,0.0299977365323507,0.00520000052781659));
#3953=CARTESIAN_POINT('',(-0.0350215946660973,0.030615484352048,0.00520000052781659));
#3954=CARTESIAN_POINT('',(-0.035380881014989,0.0319496688078953,0.00475152075681349));
#3955=CARTESIAN_POINT('',(-0.0353655365778994,0.0326708006173263,0.00348046929955531));
#3956=CARTESIAN_POINT('',(-0.0353659773122244,0.0327690178244609,0.0028000005278166));
#3957=CARTESIAN_POINT('',(-0.0353659773122244,0.0327690178244609,0.0028000005278166));
#3958=CARTESIAN_POINT('',(-0.0289660417472506,0.0327977365323507,0.0028000005278166));
#3959=CARTESIAN_POINT('',(-0.0289373230393608,0.0391976720973246,0.0028000005278166));
#3960=CARTESIAN_POINT('',(-0.0289373230393608,0.0391976720973246,0.0028000005278166));
#3961=CARTESIAN_POINT('',(-0.0288390977918562,0.0391972313269196,0.00348052500487219));
#3962=CARTESIAN_POINT('',(-0.0281213813163565,0.0392130495754533,0.00474847211768677));
#3963=CARTESIAN_POINT('',(-0.0267841846942419,0.0388534816939153,0.00520000052781661));
#3964=CARTESIAN_POINT('',(-0.0261660417472506,0.038552734360326,0.00520000052781661));
#3965=CARTESIAN_POINT('',(-0.0289660417472506,0.0327977365323507,0.0028000005278166));
#3966=CARTESIAN_POINT('',(-0.0289660417472506,0.0327977365323507,0.0028000005278166));
#3967=CARTESIAN_POINT('',(-0.0289373230393608,0.0367976334354993,0.0028000005278166));
#3968=CARTESIAN_POINT('',(-0.0329659386503991,0.0327690178244609,0.0028000005278166));
#3969=CARTESIAN_POINT('',(-0.0329659386503991,0.0327690178244609,0.0028000005278166));
#3970=CARTESIAN_POINT('',(-0.0329655692485108,0.0327175681048343,0.00315645464153039));
#3971=CARTESIAN_POINT('',(-0.0329650570940031,0.0324794433407709,0.00383928896111969));
#3972=CARTESIAN_POINT('',(-0.0328626393559137,0.0317623925034249,0.00466037407757959));
#3973=CARTESIAN_POINT('',(-0.0325061729909556,0.0308379403400562,0.0051284761443389));
#3974=CARTESIAN_POINT('',(-0.032074634303127,0.0302548495682497,0.00520000052781659));
#3975=CARTESIAN_POINT('',(-0.0318226131186677,0.0299977365323507,0.00520000052781659));
#3976=CARTESIAN_POINT('',(-0.0261660417472506,0.0356543079037678,0.00520000052781659));
#3977=CARTESIAN_POINT('',(-0.0264228948405806,0.0359060742935455,0.00520000052781659));
#3978=CARTESIAN_POINT('',(-0.02700289807578,0.0363357328412842,0.00512918002640112));
#3979=CARTESIAN_POINT('',(-0.027927589997776,0.0366936783263723,0.00466274037962126));
#3980=CARTESIAN_POINT('',(-0.0286462753823021,0.036796714251283,0.00384265883641527));
#3981=CARTESIAN_POINT('',(-0.0288858652936243,0.0367972639759846,0.00315651024805051));
#3982=CARTESIAN_POINT('',(-0.0289373230393608,0.0367976334354993,0.0028000005278166));
#3983=CARTESIAN_POINT('',(-0.00785332391549855,0.0125466787287199,0.0028000005278166));
#3984=CARTESIAN_POINT('',(-0.0289373230393608,0.0379977043148376,0.0028000005278166));
#3985=CARTESIAN_POINT('',(-0.0341660095297374,0.0327690178244609,0.0028000005278166));
#3986=CARTESIAN_POINT('',(-0.00785332391549855,0.0299977365323507,0.00240000052781659));
#3987=CARTESIAN_POINT('',(-0.0261660417472506,0.0379977365323507,0.00240000052781659));
#3988=MECHANICAL_DESIGN_GEOMETRIC_PRESENTATION_REPRESENTATION('',(#1727,
#1532,#1533,#1534,#1535,#1536,#1537,#1538,#1539,#1540,#1541,#1542,#1543,
#1544,#1545,#1546,#1547,#1548,#1549,#1550,#1551,#1552,#1553,#1554,#1555,
#1556,#1557,#1558,#1559,#1560,#1561,#1562,#1563,#1564,#1565,#1566,#1567,
#1568,#1569,#1570,#1571,#1572,#1573,#1574,#1575,#1576,#1577,#1578,#1579,
#1580,#1581,#1582,#1583,#1584,#1585,#1586,#1587,#1588,#1589,#1590,#1591,
#1592,#1593,#1594,#1595,#1596,#1597,#1598,#1599,#1600,#1601,#1602,#1603,
#1604,#1605,#1606,#1607,#1608,#1609,#1610,#1611,#1612,#1613,#1614,#1615,
#1616,#1617,#1618,#1619,#1620,#1621,#1622,#1623,#1624,#1625,#1626,#1627),
#3989);
#3989=(
GEOMETRIC_REPRESENTATION_CONTEXT(3)
GLOBAL_UNCERTAINTY_ASSIGNED_CONTEXT((#3990))
GLOBAL_UNIT_ASSIGNED_CONTEXT((#3993,#3992,#3991))
REPRESENTATION_CONTEXT('Part 1','TOP_LEVEL_ASSEMBLY_PART')
);
#3990=UNCERTAINTY_MEASURE_WITH_UNIT(LENGTH_MEASURE(2.E-5),#3993,
'DISTANCE_ACCURACY_VALUE','Maximum Tolerance applied to model');
#3991=(
NAMED_UNIT(*)
SI_UNIT($,.STERADIAN.)
SOLID_ANGLE_UNIT()
);
#3992=(
NAMED_UNIT(*)
PLANE_ANGLE_UNIT()
SI_UNIT($,.RADIAN.)
);
#3993=(
LENGTH_UNIT()
NAMED_UNIT(*)
SI_UNIT($,.METRE.)
);
#3994=PRODUCT_DEFINITION_SHAPE('','',#3995);
#3995=PRODUCT_DEFINITION('','',#3997,#3996);
#3996=PRODUCT_DEFINITION_CONTEXT('',#4003,'design');
#3997=PRODUCT_DEFINITION_FORMATION_WITH_SPECIFIED_SOURCE('','',#3999,
 .NOT_KNOWN.);
#3998=PRODUCT_RELATED_PRODUCT_CATEGORY('','',(#3999));
#3999=PRODUCT('Part 1','Part 1','Part 1',(#4001));
#4000=PRODUCT_CATEGORY('','');
#4001=PRODUCT_CONTEXT('',#4003,'mechanical');
#4002=APPLICATION_PROTOCOL_DEFINITION('international standard',
'ap242_managed_model_based_3d_engineering',2020,#4003);
#4003=APPLICATION_CONTEXT('managed model based 3d engineering');
ENDSEC;
END-ISO-10303-21;
